Date Time,ESZ8,Open,High,Low,Last,Volume,Open Interest,range,Over_50_points
2013-10-25,ESZ8,1659.75,1667.5,1654.5,1665.75,1253456,2731098,13.0,False
2013-10-28,ESZ8,1665.5,1674.0,1663.25,1670.75,1157924,2736038,10.75,False
2013-10-29,ESZ8,1670.75,1680.5,1666.25,1679.25,1189498,2741642,14.25,False
2013-10-30,ESZ8,1680.0,1685.0,1663.5,1672.25,1778748,2763150,21.5,False
2013-10-31,ESZ8,1669.5,1675.75,1662.0,1662.75,1885721,2745639,13.75,False
2013-11-01,ESZ8,1667.25,1673.0,1658.75,1666.5,1602379,2772579,14.25,False
2013-11-04,ESZ8,1665.75,1675.75,1665.0,1674.75,1005972,2759992,10.75,False
2013-11-05,ESZ8,1674.5,1675.75,1662.25,1668.25,1479362,2768514,13.5,False
2013-11-06,ESZ8,1669.0,1681.75,1667.5,1677.25,1322195,2767364,14.25,False
2013-11-07,ESZ8,1675.5,1686.25,1654.0,1657.0,2463701,2780995,32.25,False
2013-11-08,ESZ8,1656.5,1679.75,1648.25,1677.75,2071703,2782047,31.5,False
2013-11-11,ESZ8,1678.75,1682.0,1674.5,1679.25,960010,2780264,7.5,False
2013-11-12,ESZ8,1679.5,1681.5,1670.25,1676.75,1419105,2758394,11.25,False
2013-11-13,ESZ8,1676.5,1694.0,1666.0,1690.5,1682642,2763168,28.0,False
2013-11-14,ESZ8,1691.5,1700.75,1689.0,1699.5,1584763,2778941,11.75,False
2013-11-15,ESZ8,1699.5,1707.75,1698.25,1705.25,1227567,2821448,9.5,False
2013-11-18,ESZ8,1705.25,1711.5,1696.5,1700.5,1559073,2817239,15.0,False
2013-11-19,ESZ8,1701.25,1705.5,1693.75,1697.0,1587851,2817411,11.75,False
2013-11-20,ESZ8,1697.25,1706.0,1686.25,1691.5,2066306,2793119,19.75,False
2013-11-21,ESZ8,1691.25,1707.25,1687.5,1705.5,1390391,2799872,19.75,False
2013-11-22,ESZ8,1705.0,1715.0,1703.75,1713.0,1240120,2775739,11.25,False
2013-11-25,ESZ8,1713.75,1721.0,1710.25,1714.25,1114352,2800246,10.75,False
2013-11-26,ESZ8,1713.0,1718.75,1710.5,1713.75,1095564,2780581,8.25,False
2013-11-27,ESZ8,1713.75,1719.25,1713.0,1716.0,849593,2795281,6.25,False
2013-11-29,ESZ8,1716.25,1724.25,1714.5,1715.75,818602,2799542,9.75,False
2013-12-02,ESZ8,1718.0,1720.75,1708.75,1711.5,1330983,2803471,12.0,False
2013-12-03,ESZ8,1712.0,1713.5,1698.0,1703.25,1727930,2777349,15.5,False
2013-12-04,ESZ8,1703.75,1711.25,1689.5,1703.5,2107738,2777689,21.75,False
2013-12-05,ESZ8,1704.25,1706.0,1693.75,1695.75,1576138,2759983,12.25,False
2013-12-06,ESZ8,1696.25,1717.75,1696.0,1716.75,1757106,2707260,21.75,False
2013-12-09,ESZ8,1718.25,1723.25,1716.5,1720.75,1060287,2691899,6.75,False
2013-12-10,ESZ8,1721.0,1723.25,1712.75,1714.75,1174676,2638302,10.5,False
2013-12-11,ESZ8,1716.0,1719.75,1691.0,1692.5,2004200,2401923,28.75,False
2013-12-12,ESZ8,1692.25,1695.75,1683.5,1686.5,833656,957167,12.25,False
2013-12-13,ESZ8,1685.0,1694.75,1683.5,1686.5,1558496,1445598,11.25,False
2013-12-16,ESZ8,1686.5,1704.25,1672.0,1698.25,1793231,1895612,32.25,False
2013-12-17,ESZ8,1696.25,1700.5,1688.25,1691.0,1826251,2327433,12.25,False
2013-12-18,ESZ8,1690.0,1724.75,1678.75,1722.75,2702375,2580060,46.0,False
2013-12-19,ESZ8,1722.0,1724.75,1713.0,1720.0,1516505,2658894,11.75,False
2013-12-20,ESZ8,1720.5,1736.0,1720.5,1732.5,1356110,2720791,15.5,False
2013-12-23,ESZ8,1735.0,1742.5,1734.75,1740.75,737153,2734782,7.75,False
2013-12-24,ESZ8,1740.75,1747.5,1738.5,1747.0,314408,2745200,9.0,False
2013-12-26,ESZ8,1748.0,1755.75,1747.75,1754.5,438937,2758851,8.0,False
2013-12-27,ESZ8,1754.5,1758.0,1751.25,1754.5,622702,2765187,6.75,False
2013-12-30,ESZ8,1754.0,1756.5,1751.5,1752.75,581577,2754443,5.0,False
2013-12-31,ESZ8,1753.5,1764.5,1752.25,1759.0,653055,2782880,12.25,False
2014-01-02,ESZ8,1755.75,1758.75,1739.75,1744.5,1243227,2781562,19.0,False
2014-01-03,ESZ8,1745.25,1751.0,1738.5,1743.5,961601,2779107,12.5,False
2014-01-06,ESZ8,1742.0,1750.5,1735.25,1738.75,1369207,2766711,15.25,False
2014-01-07,ESZ8,1737.75,1752.75,1737.5,1748.75,1162443,2775966,15.25,False
2014-01-08,ESZ8,1748.75,1752.75,1743.5,1750.5,1330414,2781053,9.25,False
2014-01-09,ESZ8,1749.75,1757.0,1742.25,1751.0,1324605,2794685,14.75,False
2014-01-10,ESZ8,1751.25,1760.5,1744.25,1755.75,1455887,2818929,16.25,False
2014-01-13,ESZ8,1756.5,1756.75,1727.5,1733.0,1710408,2842950,29.25,False
2014-01-14,ESZ8,1733.75,1752.25,1730.75,1751.0,1595178,2868227,21.5,False
2014-01-15,ESZ8,1751.0,1763.75,1749.5,1759.5,1260095,2875586,14.25,False
2014-01-16,ESZ8,1759.5,1761.75,1752.5,1754.25,952497,2878637,9.25,False
2014-01-17,ESZ8,1756.0,1760.75,1747.25,1752.25,1182782,2855526,13.5,False
2014-01-21,ESZ8,1752.0,1762.0,1744.25,1756.5,1329662,2852205,17.75,False
2014-01-22,ESZ8,1755.5,1761.25,1752.75,1756.5,941604,2848291,8.5,False
2014-01-23,ESZ8,1757.0,1762.0,1731.75,1742.25,1815516,2873168,30.25,False
2014-01-24,ESZ8,1742.0,1746.0,1698.0,1700.0,2566321,2894357,48.0,False
2014-01-27,ESZ8,1699.75,1710.0,1685.0,1693.75,2776036,2881669,25.0,False
2014-01-28,ESZ8,1689.25,1715.0,1689.0,1706.25,1726338,2884678,26.0,False
2014-01-29,ESZ8,1714.0,1719.25,1682.0,1689.25,2740741,2915163,37.25,False
2014-01-30,ESZ8,1688.0,1711.75,1685.75,1699.25,1824579,2882901,26.0,False
2014-01-31,ESZ8,1701.5,1706.25,1679.25,1694.5,2389820,2910899,27.0,False
2014-02-03,ESZ8,1695.5,1701.75,1650.25,1650.75,3026524,2974534,51.5,True
2014-02-04,ESZ8,1656.25,1671.5,1652.0,1661.75,2325416,2944236,19.5,False
2014-02-05,ESZ8,1662.25,1668.75,1650.0,1662.0,2075514,2948425,18.75,False
2014-02-06,ESZ8,1662.75,1687.75,1662.0,1684.5,1739245,2948744,25.75,False
2014-02-07,ESZ8,1686.0,1712.0,1676.25,1711.5,2344919,2981889,35.75,False
2014-02-10,ESZ8,1711.0,1714.0,1704.25,1712.75,1148560,2990620,9.75,False
2014-02-11,ESZ8,1713.25,1737.5,1712.25,1731.5,1764385,3016462,25.25,False
2014-02-12,ESZ8,1731.25,1741.25,1729.25,1735.0,1385941,3033223,12.0,False
2014-02-13,ESZ8,1734.75,1745.0,1720.25,1742.25,1645236,3053239,24.75,False
2014-02-14,ESZ8,1741.75,1756.75,1734.0,1753.0,1365228,3062413,22.75,False
2014-02-18,ESZ8,1751.5,1758.25,1749.5,1755.5,1210508,3091043,8.75,False
2014-02-19,ESZ8,1755.25,1762.5,1741.25,1743.5,1771087,3119786,21.25,False
2014-02-20,ESZ8,1744.0,1758.25,1735.25,1754.25,1608588,3137291,23.0,False
2014-02-21,ESZ8,1754.0,1762.0,1750.75,1752.25,1316655,3158062,11.25,False
2014-02-24,ESZ8,1753.25,1774.75,1747.25,1764.0,1612323,3131431,27.5,False
2014-02-25,ESZ8,1762.75,1769.0,1755.25,1764.25,1566204,3108523,13.75,False
2014-02-26,ESZ8,1765.5,1771.25,1756.0,1760.0,1464320,3111778,15.25,False
2014-02-27,ESZ8,1761.75,1773.75,1750.75,1772.0,1615828,3122222,23.0,False
2014-02-28,ESZ8,1772.5,1784.5,1763.25,1775.5,2106508,3110444,21.25,False
2014-03-03,ESZ8,1764.0,1767.5,1750.25,1761.0,2376689,3165575,17.25,False
2014-03-04,ESZ8,1761.75,1792.75,1761.5,1789.5,1750397,3183505,31.25,False
2014-03-05,ESZ8,1788.75,1793.5,1785.75,1790.5,1254803,3181131,7.75,False
2014-03-06,ESZ8,1791.75,1799.0,1789.0,1794.25,1283006,3146004,10.0,False
2014-03-07,ESZ8,1794.25,1805.5,1787.25,1796.0,1756169,3104782,18.25,False
2014-03-10,ESZ8,1793.5,1796.75,1783.75,1795.25,1167755,3080700,13.0,False
2014-03-11,ESZ8,1794.25,1800.25,1781.0,1783.25,1609666,3050825,19.25,False
2014-03-12,ESZ8,1782.75,1787.0,1771.75,1785.75,1666288,3000644,15.25,False
2014-03-13,ESZ8,1786.5,1792.75,1759.5,1764.75,1144194,935257,33.25,False
2014-03-14,ESZ8,1765.0,1771.25,1757.0,1758.0,2197833,1552144,14.25,False
2014-03-17,ESZ8,1757.25,1780.75,1748.5,1775.75,1854428,2004732,32.25,False
2014-03-18,ESZ8,1776.75,1792.0,1770.5,1788.75,2054342,2525016,21.5,False
2014-03-19,ESZ8,1789.0,1792.5,1767.0,1777.25,2004270,2756352,25.5,False
2014-03-20,ESZ8,1776.25,1791.5,1769.75,1791.0,1671773,2814864,21.75,False
2014-03-21,ESZ8,1789.75,1801.75,1780.5,1782.0,1750423,2815873,21.25,False
2014-03-24,ESZ8,1780.5,1791.0,1766.25,1774.5,1835881,2807336,24.75,False
2014-03-25,ESZ8,1775.25,1789.5,1773.0,1784.25,1657649,2796385,16.5,False
2014-03-26,ESZ8,1784.0,1793.75,1766.5,1767.5,1898746,2805754,27.25,False
2014-03-27,ESZ8,1770.0,1773.5,1759.0,1765.5,2031166,2788523,14.5,False
2014-03-28,ESZ8,1768.5,1784.5,1766.5,1775.5,1502152,2790968,18.0,False
2014-03-31,ESZ8,1780.0,1793.0,1780.0,1789.5,1572419,2792893,13.0,False
2014-04-01,ESZ8,1789.5,1803.75,1787.25,1802.75,1213329,2793964,16.5,False
2014-04-02,ESZ8,1802.75,1811.25,1801.25,1808.0,1181442,2797469,10.0,False
2014-04-03,ESZ8,1807.75,1812.5,1800.5,1808.0,1239722,2798619,12.0,False
2014-04-04,ESZ8,1809.25,1817.5,1780.75,1785.0,2496813,2782262,36.75,False
2014-04-07,ESZ8,1786.0,1786.75,1759.5,1763.0,2179083,2772342,27.25,False
2014-04-08,ESZ8,1765.0,1774.0,1755.75,1770.0,1854828,2752796,18.25,False
2014-04-09,ESZ8,1770.0,1791.5,1768.75,1789.75,1414210,2740044,22.75,False
2014-04-10,ESZ8,1790.75,1792.5,1748.75,1752.0,2378458,2782527,43.75,False
2014-04-11,ESZ8,1754.5,1757.0,1732.25,1736.75,2527152,2789974,24.75,False
2014-04-14,ESZ8,1731.0,1753.0,1728.25,1749.5,1885532,2792211,24.75,False
2014-04-15,ESZ8,1750.0,1769.0,1734.25,1764.5,2609484,2795750,34.75,False
2014-04-16,ESZ8,1767.75,1782.0,1765.5,1777.75,1255343,2757716,16.5,False
2014-04-17,ESZ8,1777.5,1788.75,1772.25,1783.0,1254621,2765393,16.5,False
2014-04-21,ESZ8,1784.25,1790.5,1781.5,1789.5,533891,2766346,9.0,False
2014-04-22,ESZ8,1789.25,1803.75,1785.75,1799.0,1106460,2778573,18.0,False
2014-04-23,ESZ8,1798.0,1805.75,1792.5,1798.0,1000557,2789027,13.25,False
2014-04-24,ESZ8,1804.0,1807.5,1788.75,1798.0,1577086,2805837,18.75,False
2014-04-25,ESZ8,1797.5,1798.75,1778.0,1785.0,1507792,2806635,20.75,False
2014-04-28,ESZ8,1786.75,1796.75,1769.0,1791.0,2065197,2816864,27.75,False
2014-04-29,ESZ8,1791.0,1800.25,1790.0,1796.75,1219110,2835160,10.25,False
2014-04-30,ESZ8,1795.5,1805.25,1791.25,1803.0,1502102,2827771,14.0,False
2014-05-01,ESZ8,1804.5,1807.75,1796.5,1802.75,938351,2822994,11.25,False
2014-05-02,ESZ8,1803.75,1811.0,1797.0,1799.5,1717169,2823037,14.0,False
2014-05-05,ESZ8,1800.5,1805.0,1785.5,1800.75,1176754,2833539,19.5,False
2014-05-06,ESZ8,1802.5,1806.5,1786.75,1789.25,1379161,2829593,19.75,False
2014-05-07,ESZ8,1789.0,1800.75,1779.5,1799.25,1999538,2850823,21.25,False
2014-05-08,ESZ8,1799.75,1809.75,1790.0,1797.25,1753107,2863857,19.75,False
2014-05-09,ESZ8,1795.25,1800.0,1787.5,1798.5,1476536,2861995,12.5,False
2014-05-12,ESZ8,1799.0,1819.0,1799.0,1817.75,1183703,2903749,20.0,False
2014-05-13,ESZ8,1818.5,1823.5,1817.0,1819.25,1076997,2927690,6.5,False
2014-05-14,ESZ8,1819.75,1822.25,1807.25,1810.25,1186879,2917070,15.0,False
2014-05-15,ESZ8,1810.75,1813.5,1784.0,1792.25,2247238,2927173,29.5,False
2014-05-16,ESZ8,1792.0,1800.75,1786.25,1799.75,1522446,2907323,14.5,False
2014-05-19,ESZ8,1801.25,1808.0,1790.75,1807.25,1035685,2913686,17.25,False
2014-05-20,ESZ8,1806.5,1809.5,1789.75,1793.0,1564172,2926404,19.75,False
2014-05-21,ESZ8,1793.5,1811.5,1791.5,1810.0,1358710,2960598,20.0,False
2014-05-22,ESZ8,1808.75,1819.0,1807.75,1815.25,1026615,2969158,11.25,False
2014-05-23,ESZ8,1815.25,1824.25,1814.5,1822.0,761557,2964687,9.75,False
2014-05-27,ESZ8,1823.0,1835.0,1822.0,1834.25,922499,2984253,13.0,False
2014-05-28,ESZ8,1834.75,1839.0,1829.5,1834.0,1062079,2988976,9.5,False
2014-05-29,ESZ8,1834.75,1843.0,1832.25,1843.0,981817,2995771,10.75,False
2014-05-30,ESZ8,1842.0,1847.25,1839.25,1846.5,1169034,2993669,8.0,False
2014-06-02,ESZ8,1846.25,1849.25,1838.75,1846.75,1053526,3000582,10.5,False
2014-06-03,ESZ8,1846.5,1848.5,1841.0,1847.0,948001,2999092,7.5,False
2014-06-04,ESZ8,1847.75,1852.0,1841.0,1850.75,917108,3004762,11.0,False
2014-06-05,ESZ8,1850.5,1865.75,1846.0,1863.5,1676659,3004963,19.75,False
2014-06-06,ESZ8,1863.5,1874.75,1862.75,1874.25,1205739,3002048,12.0,False
2014-06-09,ESZ8,1874.25,1879.75,1870.75,1875.25,1026966,2967325,9.0,False
2014-06-10,ESZ8,1874.25,1876.75,1868.0,1875.5,1038073,2880779,8.75,False
2014-06-11,ESZ8,1875.75,1876.0,1863.5,1869.0,1348569,2675663,12.5,False
2014-06-12,ESZ8,1869.0,1872.75,1849.75,1855.5,770064,997767,23.0,False
2014-06-13,ESZ8,1855.75,1862.0,1851.25,1860.5,1525197,1494709,10.75,False
2014-06-16,ESZ8,1860.25,1865.75,1851.25,1861.5,1739592,1991427,14.5,False
2014-06-17,ESZ8,1861.25,1868.0,1856.0,1866.0,1817231,2500698,12.0,False
2014-06-18,ESZ8,1865.75,1882.5,1861.5,1881.25,1759084,2728287,21.0,False
2014-06-19,ESZ8,1880.25,1884.5,1876.25,1882.5,1422610,2802321,8.25,False
2014-06-20,ESZ8,1881.25,1889.0,1880.5,1885.5,1162086,2821923,8.5,False
2014-06-23,ESZ8,1885.0,1892.0,1882.25,1885.25,1024411,2853357,9.75,False
2014-06-24,ESZ8,1883.5,1892.25,1872.0,1875.5,1530560,2855130,20.25,False
2014-06-25,ESZ8,1874.5,1885.5,1869.5,1881.75,1532088,2872653,16.0,False
2014-06-26,ESZ8,1881.0,1884.75,1868.5,1881.0,1486643,2868132,16.25,False
2014-06-27,ESZ8,1880.5,1886.25,1875.0,1884.25,1176129,2891207,11.25,False
2014-06-30,ESZ8,1884.0,1889.0,1880.25,1884.75,1155861,2925452,8.75,False
2014-07-01,ESZ8,1886.75,1904.0,1885.75,1898.0,1455654,2929352,18.25,False
2014-07-02,ESZ8,1898.5,1902.25,1896.75,1900.0,920982,2915129,5.5,False
2014-07-03,ESZ8,1900.25,1910.5,1898.25,1909.75,846127,2906788,12.25,False
2014-07-07,ESZ8,1909.25,1909.75,1899.5,1903.25,1151705,2904863,10.25,False
2014-07-08,ESZ8,1902.75,1903.0,1885.0,1892.75,1776514,2915133,18.0,False
2014-07-09,ESZ8,1892.75,1900.5,1890.5,1899.5,1393006,2915996,10.0,False
2014-07-10,ESZ8,1899.75,1900.5,1877.5,1890.0,1972746,2908909,23.0,False
2014-07-11,ESZ8,1889.5,1895.75,1885.25,1894.75,1364154,2880205,10.5,False
2014-07-14,ESZ8,1895.0,1906.25,1894.75,1903.25,1003831,2909158,11.5,False
2014-07-15,ESZ8,1903.5,1908.5,1891.0,1900.25,1905617,2918047,17.5,False
2014-07-16,ESZ8,1900.25,1910.25,1899.25,1907.0,1320381,2927567,11.0,False
2014-07-17,ESZ8,1903.5,1908.25,1880.75,1885.75,2441561,2941204,27.5,False
2014-07-18,ESZ8,1881.5,1906.5,1874.75,1903.75,1796625,2949424,31.75,False
2014-07-21,ESZ8,1902.5,1903.75,1891.25,1898.5,1414256,2936374,12.5,False
2014-07-22,ESZ8,1898.0,1912.75,1897.5,1907.25,1274851,2934875,15.25,False
2014-07-23,ESZ8,1905.25,1915.75,1905.0,1913.0,1149621,2941364,10.75,False
2014-07-24,ESZ8,1913.25,1918.0,1909.0,1913.0,1165644,2943169,9.0,False
2014-07-25,ESZ8,1911.0,1913.0,1900.25,1903.75,1426906,2929174,12.75,False
2014-07-28,ESZ8,1903.0,1908.25,1893.0,1905.25,1368020,2938486,15.25,False
2014-07-29,ESZ8,1904.75,1911.75,1894.25,1895.25,1509091,2944211,17.5,False
2014-07-30,ESZ8,1896.5,1906.5,1888.75,1897.25,1768972,2928531,17.75,False
2014-07-31,ESZ8,1897.25,1897.75,1855.75,1857.0,2772401,2936401,42.0,False
2014-08-01,ESZ8,1858.25,1864.5,1842.5,1850.75,2886317,2901142,22.0,False
2014-08-04,ESZ8,1851.75,1869.75,1847.0,1864.25,1605356,2896652,22.75,False
2014-08-05,ESZ8,1863.25,1865.5,1839.75,1845.25,2137277,2897573,25.75,False
2014-08-06,ESZ8,1847.0,1855.75,1835.25,1847.0,1705227,2891258,20.5,False
2014-08-07,ESZ8,1847.0,1858.0,1832.0,1837.5,1954046,2916013,26.0,False
2014-08-08,ESZ8,1837.5,1860.5,1822.5,1856.0,1904778,2901948,38.0,False
2014-08-11,ESZ8,1855.75,1873.25,1855.5,1864.75,1178957,2910845,17.75,False
2014-08-12,ESZ8,1866.25,1871.0,1855.75,1862.75,1234217,2920411,15.25,False
2014-08-13,ESZ8,1864.5,1878.75,1863.0,1877.0,1120054,2932233,15.75,False
2014-08-14,ESZ8,1878.25,1887.25,1874.25,1885.75,967191,2947976,13.0,False
2014-08-15,ESZ8,1886.5,1893.25,1869.5,1884.75,1813411,2930057,23.75,False
2014-08-18,ESZ8,1888.0,1901.25,1888.0,1899.75,890465,2937357,13.25,False
2014-08-19,ESZ8,1900.75,1912.0,1900.5,1909.5,868384,2960508,11.5,False
2014-08-20,ESZ8,1910.0,1918.25,1905.25,1915.5,1058754,2954359,13.0,False
2014-08-21,ESZ8,1915.0,1924.25,1913.0,1921.75,841545,2962627,11.25,False
2014-08-22,ESZ8,1922.0,1923.75,1913.75,1920.0,1115885,2959504,10.0,False
2014-08-25,ESZ8,1922.25,1932.0,1921.0,1927.25,853066,2972614,11.0,False
2014-08-26,ESZ8,1926.75,1935.0,1924.5,1930.75,878014,2973216,10.5,False
2014-08-27,ESZ8,1931.5,1932.75,1925.75,1929.25,761368,2996449,7.0,False
2014-08-28,ESZ8,1929.0,1931.75,1919.75,1929.0,1088971,3004649,12.0,False
2014-08-29,ESZ8,1931.5,1936.0,1924.5,1933.75,1042385,3011118,11.5,False
2014-09-02,ESZ8,1931.25,1938.5,1925.0,1932.0,1244899,3008458,13.5,False
2014-09-03,ESZ8,1932.75,1943.25,1928.5,1931.0,1297828,3009547,14.75,False
2014-09-04,ESZ8,1931.0,1942.25,1923.0,1930.0,1519084,3005614,19.25,False
2014-09-05,ESZ8,1931.25,1940.0,1920.5,1938.25,1693274,2989310,19.5,False
2014-09-08,ESZ8,1938.75,1939.0,1926.25,1932.75,1212909,2992833,12.75,False
2014-09-09,ESZ8,1932.5,1935.25,1915.5,1922.0,1768258,3017688,19.75,False
2014-09-10,ESZ8,1921.75,1928.5,1913.75,1927.25,1590462,2885062,14.75,False
2014-09-11,ESZ8,1927.0,1931.75,1917.5,1929.25,803889,945046,14.25,False
2014-09-12,ESZ8,1931.5,1931.75,1911.5,1917.0,1861290,1556670,20.25,False
2014-09-15,ESZ8,1914.0,1919.25,1908.25,1916.25,1742226,2018909,11.0,False
2014-09-16,ESZ8,1917.0,1934.75,1910.5,1931.75,2081652,2509195,24.25,False
2014-09-17,ESZ8,1931.75,1943.5,1923.5,1934.0,2039712,2714990,20.0,False
2014-09-18,ESZ8,1935.75,1947.0,1933.25,1944.75,1402964,2796367,13.75,False
2014-09-19,ESZ8,1946.25,1954.75,1938.5,1944.0,1670453,2794169,16.25,False
2014-09-22,ESZ8,1942.25,1943.25,1922.75,1926.5,1578996,2785075,20.5,False
2014-09-23,ESZ8,1924.25,1928.25,1908.5,1912.5,1631355,2795261,19.75,False
2014-09-24,ESZ8,1910.0,1932.75,1909.75,1931.25,1566690,2810957,23.0,False
2014-09-25,ESZ8,1931.0,1931.75,1898.0,1901.75,2318873,2797856,33.75,False
2014-09-26,ESZ8,1901.25,1919.5,1896.75,1916.25,1680945,2793774,22.75,False
2014-09-29,ESZ8,1915.0,1917.25,1895.75,1909.75,1786769,2802910,21.5,False
2014-09-30,ESZ8,1909.0,1918.5,1900.75,1905.75,1991628,2794635,17.75,False
2014-10-01,ESZ8,1901.25,1907.25,1874.0,1881.0,2450968,2790666,33.25,False
2014-10-02,ESZ8,1881.0,1886.0,1858.5,1878.75,2721573,2751445,27.5,False
2014-10-03,ESZ8,1878.75,1904.75,1876.0,1900.5,1556834,2738142,28.75,False
2014-10-06,ESZ8,1901.25,1911.25,1890.75,1896.25,1727529,2745847,20.5,False
2014-10-07,ESZ8,1893.5,1896.5,1864.5,1868.25,2166031,2769360,32.0,False
2014-10-08,ESZ8,1866.5,1904.25,1858.25,1902.0,2521875,2735211,46.0,False
2014-10-09,ESZ8,1901.75,1908.75,1855.5,1865.25,3103761,2726452,53.25,True
2014-10-10,ESZ8,1857.25,1871.5,1833.5,1834.5,3069299,2749030,38.0,False
2014-10-13,ESZ8,1832.25,1846.25,1804.0,1805.75,2948075,2823640,42.25,False
2014-10-14,ESZ8,1806.5,1833.0,1805.0,1815.0,3114778,2820880,28.0,False
2014-10-15,ESZ8,1818.5,1823.5,1753.25,1787.0,4661757,2891394,70.25,True
2014-10-16,ESZ8,1787.0,1810.0,1755.5,1790.75,3368379,2822638,54.5,True
2014-10-17,ESZ8,1793.25,1832.0,1791.25,1821.25,2579053,2819776,40.75,False
2014-10-20,ESZ8,1824.25,1844.75,1812.5,1840.25,1653127,2799510,32.25,False
2014-10-21,ESZ8,1843.75,1880.0,1826.0,1878.25,2239114,2816714,54.0,True
2014-10-22,ESZ8,1878.5,1884.0,1860.5,1865.25,2022453,2828457,23.5,False
2014-10-23,ESZ8,1864.75,1896.5,1862.5,1886.25,2014997,2844152,34.0,False
2014-10-24,ESZ8,1886.25,1901.5,1872.0,1900.0,1601260,2829899,29.5,False
2014-10-27,ESZ8,1900.5,1906.0,1884.75,1897.25,1452059,2833776,21.25,False
2014-10-28,ESZ8,1898.0,1921.0,1897.0,1920.25,1571000,2856633,24.0,False
2014-10-29,ESZ8,1916.25,1926.0,1902.25,1912.5,1895667,2854076,23.75,False
2014-10-30,ESZ8,1912.0,1934.5,1899.5,1928.75,1980796,2883991,35.0,False
2014-10-31,ESZ8,1928.0,1957.0,1927.0,1951.75,1924396,2822107,30.0,False
2014-11-03,ESZ8,1951.5,1959.5,1947.25,1951.25,1361523,2813514,12.25,False
2014-11-04,ESZ8,1950.75,1954.0,1935.5,1945.75,1524332,2837987,18.5,False
2014-11-05,ESZ8,1946.5,1960.75,1944.0,1959.0,1574778,2856834,16.75,False
2014-11-06,ESZ8,1958.75,1969.5,1951.0,1968.25,1434905,2863233,18.5,False
2014-11-07,ESZ8,1967.5,1973.75,1960.75,1966.25,1282437,2851049,13.0,False
2014-11-10,ESZ8,1966.0,1975.25,1961.25,1974.25,967814,2863436,14.0,False
2014-11-11,ESZ8,1974.0,1979.25,1971.25,1976.75,779708,2868786,8.0,False
2014-11-12,ESZ8,1976.75,1977.5,1967.0,1976.25,1082280,2922873,10.5,False
2014-11-13,ESZ8,1975.0,1984.0,1967.0,1974.25,1541477,2937647,17.0,False
2014-11-14,ESZ8,1973.25,1980.0,1972.25,1978.25,1047384,2924312,7.75,False
2014-11-17,ESZ8,1978.75,1980.75,1965.5,1980.0,1061143,2924341,15.25,False
2014-11-18,ESZ8,1979.5,1994.25,1976.0,1988.75,1146480,2934115,18.25,False
2014-11-19,ESZ8,1989.0,1990.75,1978.0,1987.5,1188471,2933002,12.75,False
2014-11-20,ESZ8,1987.25,1993.0,1975.5,1992.25,1130058,2959677,17.5,False
2014-11-21,ESZ8,1992.5,2012.5,1990.0,2002.0,1634315,2957158,22.5,False
2014-11-24,ESZ8,2002.5,2009.25,2001.0,2007.75,793915,2958213,8.25,False
2014-11-25,ESZ8,2007.5,2013.25,2003.0,2007.75,977855,2955905,10.25,False
2014-11-26,ESZ8,2008.5,2015.5,2005.5,2012.5,743541,2945186,10.0,False
2014-11-28,ESZ8,2014.25,2015.0,2003.75,2006.5,783116,2959182,11.25,False
2014-12-01,ESZ8,2003.5,2004.25,1988.5,1991.0,1471696,2948066,15.75,False
2014-12-02,ESZ8,1991.25,2008.25,1991.0,2006.25,1152160,2962937,17.25,False
2014-12-03,ESZ8,2006.75,2016.25,2003.5,2012.75,925314,2944324,12.75,False
2014-12-04,ESZ8,2013.25,2017.5,2001.5,2012.25,1374378,2946103,16.0,False
2014-12-05,ESZ8,2012.0,2019.25,2008.75,2016.25,1148282,2908207,10.5,False
2014-12-08,ESZ8,2016.0,2017.75,1994.0,1999.75,1414138,2874241,23.75,False
2014-12-09,ESZ8,2000.5,2002.5,1973.5,1997.75,1893729,2818803,29.0,False
2014-12-10,ESZ8,1998.0,2000.25,1963.5,1966.75,2376052,2651642,36.75,False
2014-12-11,ESZ8,1967.0,1996.75,1964.25,1971.25,873589,916477,32.5,False
2014-12-12,ESZ8,1969.75,1972.75,1937.0,1937.75,2464056,1422793,35.75,False
2014-12-15,ESZ8,1937.75,1959.5,1921.75,1930.5,2811936,1818446,37.75,False
2014-12-16,ESZ8,1931.75,1958.5,1908.75,1912.25,3365454,2291872,49.75,False
2014-12-17,ESZ8,1914.0,1958.25,1913.25,1955.5,2765611,2634656,45.0,False
2014-12-18,ESZ8,1955.25,2010.0,1951.75,2007.25,2358167,2767647,58.25,True
2014-12-19,ESZ8,2007.5,2023.5,2003.75,2014.25,1765615,2720187,19.75,False
2014-12-22,ESZ8,2012.25,2023.25,2011.25,2019.75,858554,2719678,12.0,False
2014-12-23,ESZ8,2020.25,2031.75,2018.75,2026.25,777814,2732725,13.0,False
2014-12-24,ESZ8,2026.0,2030.75,2024.25,2026.0,235054,2732874,6.5,False
2014-12-26,ESZ8,2026.0,2036.0,2025.75,2031.5,309281,2728564,10.25,False
2014-12-29,ESZ8,2033.25,2036.0,2023.25,2033.0,636345,2739712,12.75,False
2014-12-30,ESZ8,2034.75,2035.75,2020.25,2024.0,718028,2741375,15.5,False
2014-12-31,ESZ8,2023.5,2030.0,1998.0,1999.75,836223,2769700,32.0,False
2015-01-02,ESZ8,2002.25,2014.5,1986.0,1993.5,1358348,2746750,28.5,False
2015-01-05,ESZ8,1993.0,1995.5,1956.75,1963.25,2033774,2735166,38.75,False
2015-01-06,ESZ8,1966.25,1970.75,1931.5,1941.75,2345361,2738793,39.25,False
2015-01-07,ESZ8,1943.75,1971.0,1943.0,1966.75,1760658,2719370,28.0,False
2015-01-08,ESZ8,1967.75,2005.75,1967.5,2002.25,1555733,2717604,38.25,False
2015-01-09,ESZ8,2001.0,2009.25,1978.5,1982.5,1907571,2678435,30.75,False
2015-01-12,ESZ8,1981.75,1995.5,1962.5,1969.75,1622204,2677998,33.0,False
2015-01-13,ESZ8,1971.0,1999.0,1948.25,1963.25,2496445,2702231,50.75,True
2015-01-14,ESZ8,1964.5,1966.75,1928.5,1954.75,2516599,2701273,38.25,False
2015-01-15,ESZ8,1957.0,1974.5,1925.5,1936.25,2259660,2742502,49.0,False
2015-01-16,ESZ8,1928.0,1961.5,1917.5,1960.25,2017979,2687724,44.0,False
2015-01-20,ESZ8,1960.75,1973.75,1944.75,1964.0,1807759,2693173,29.0,False
2015-01-21,ESZ8,1963.0,1980.0,1952.5,1973.75,1639269,2688767,27.5,False
2015-01-22,ESZ8,1974.0,2006.5,1966.5,2003.75,1834361,2701326,40.0,False
2015-01-23,ESZ8,2003.75,2009.75,1989.5,1991.25,1353089,2690889,20.25,False
2015-01-26,ESZ8,1982.25,2002.25,1972.75,2000.75,1264468,2696298,29.5,False
2015-01-27,ESZ8,2001.25,2002.0,1960.5,1977.25,1957000,2684751,41.5,False
2015-01-28,ESZ8,1983.75,1993.75,1938.5,1938.75,2087277,2743997,55.25,True
2015-01-29,ESZ8,1940.75,1967.25,1929.25,1965.75,2124643,2721183,38.0,False
2015-01-30,ESZ8,1966.5,1967.75,1933.5,1935.75,2353992,2740382,34.25,False
2015-02-02,ESZ8,1937.75,1965.75,1921.0,1964.25,2038824,2710794,44.75,False
2015-02-03,ESZ8,1962.25,1991.25,1954.25,1989.25,1705780,2714102,37.0,False
2015-02-04,ESZ8,1987.75,1996.5,1970.0,1977.25,1696963,2728704,26.5,False
2015-02-05,ESZ8,1972.25,2006.0,1968.0,2002.25,1343547,2724108,38.0,False
2015-02-06,ESZ8,2003.5,2015.25,1991.75,2000.25,1722475,2775438,23.5,False
2015-02-09,ESZ8,1997.25,1999.0,1983.75,1989.75,1289419,2762422,15.25,False
2015-02-10,ESZ8,1991.0,2013.75,1987.75,2009.5,1397704,2766377,26.0,False
2015-02-11,ESZ8,2010.0,2026.75,2000.5,2013.0,1295469,2749732,26.25,False
2015-02-12,ESZ8,2018.75,2032.75,2005.75,2031.25,1433910,2777622,27.0,False
2015-02-13,ESZ8,2030.25,2042.25,2028.75,2040.75,1224925,2776438,13.5,False
2015-02-17,ESZ8,2038.5,2046.0,2028.0,2043.25,1234818,2780511,18.0,False
2015-02-18,ESZ8,2043.75,2045.75,2035.75,2042.75,1088179,2782675,10.0,False
2015-02-19,ESZ8,2042.5,2046.75,2034.5,2042.5,1143901,2806657,12.25,False
2015-02-20,ESZ8,2043.25,2056.0,2029.5,2054.25,1645222,2826009,26.5,False
2015-02-23,ESZ8,2054.5,2055.5,2047.0,2054.0,849695,2835551,8.5,False
2015-02-24,ESZ8,2053.5,2063.0,2050.0,2061.0,1080747,2836074,13.0,False
2015-02-25,ESZ8,2061.0,2065.0,2054.5,2057.5,974711,2861642,10.5,False
2015-02-26,ESZ8,2057.75,2062.0,2048.75,2057.25,1176136,2866192,13.25,False
2015-02-27,ESZ8,2056.75,2058.25,2048.0,2050.0,1207187,2866335,10.25,False
2015-03-02,ESZ8,2051.25,2062.75,2047.75,2061.25,1075660,2871121,15.0,False
2015-03-03,ESZ8,2061.25,2061.75,2042.75,2052.0,1360995,2893603,19.0,False
2015-03-04,ESZ8,2052.0,2052.0,2032.5,2043.75,1490440,2910503,19.5,False
2015-03-05,ESZ8,2043.75,2050.75,2040.5,2047.0,1097593,2917569,10.25,False
2015-03-06,ESZ8,2046.75,2050.75,2012.75,2018.0,1901150,2987199,38.0,False
2015-03-09,ESZ8,2020.75,2029.75,2013.25,2025.0,1189658,2947997,16.5,False
2015-03-10,ESZ8,2024.75,2025.25,1988.5,1989.25,1903455,2942523,36.75,False
2015-03-11,ESZ8,1991.5,1999.5,1985.5,1986.75,1707510,2807778,14.0,False
2015-03-12,ESZ8,1989.5,2013.75,1985.5,2011.25,833748,875067,28.25,False
2015-03-13,ESZ8,2011.25,2016.0,1987.25,1997.0,1729733,1332264,28.75,False
2015-03-16,ESZ8,1998.0,2028.75,1992.0,2023.25,1698647,1793591,36.75,False
2015-03-17,ESZ8,2021.25,2025.25,2011.0,2021.0,1791792,2362080,14.25,False
2015-03-18,ESZ8,2021.0,2054.5,2007.0,2047.25,2013069,2586701,47.5,False
2015-03-19,ESZ8,2048.25,2053.75,2031.25,2036.25,1496920,2638127,22.5,False
2015-03-20,ESZ8,2034.25,2061.5,2032.5,2054.0,1417654,2608347,29.0,False
2015-03-23,ESZ8,2052.5,2061.75,2048.0,2049.5,957576,2607995,13.75,False
2015-03-24,ESZ8,2048.75,2055.75,2037.75,2039.75,1193863,2625047,18.0,False
2015-03-25,ESZ8,2040.0,2044.0,2007.0,2008.5,1777447,2620588,37.0,False
2015-03-26,ESZ8,2010.75,2013.5,1988.0,2003.25,1842218,2639622,25.5,False
2015-03-27,ESZ8,2004.75,2012.5,1995.75,2007.25,1158856,2640559,16.75,False
2015-03-30,ESZ8,2007.5,2036.5,2002.0,2030.25,1236364,2632578,34.5,False
2015-03-31,ESZ8,2029.5,2031.5,2011.0,2015.5,1596352,2655571,20.5,False
2015-04-01,ESZ8,2012.75,2015.5,1988.25,2007.75,1818878,2672112,27.25,False
2015-04-02,ESZ8,2010.0,2019.5,1998.75,2014.25,1047174,2645132,20.75,False
2015-04-03,ESZ8,2014.75,2018.5,1992.75,2014.25,95921,2650208,25.75,False
2015-04-06,ESZ8,1994.25,2034.75,1993.5,2028.0,948447,2654748,41.25,False
2015-04-07,ESZ8,2026.25,2037.5,2020.75,2022.5,1048474,2651631,16.75,False
2015-04-08,ESZ8,2023.25,2035.0,2019.25,2030.75,1217049,2644161,15.75,False
2015-04-09,ESZ8,2032.5,2041.75,2021.5,2040.5,1211778,2645082,20.25,False
2015-04-10,ESZ8,2040.75,2051.0,2037.75,2050.25,880529,2651679,13.25,False
2015-04-13,ESZ8,2050.0,2056.0,2040.0,2041.25,1080267,2650088,16.0,False
2015-04-14,ESZ8,2041.75,2047.5,2030.5,2045.75,1267366,2664126,17.0,False
2015-04-15,ESZ8,2046.5,2060.25,2042.0,2054.5,1045308,2666373,18.25,False
2015-04-16,ESZ8,2056.25,2059.5,2043.75,2055.5,1113607,2689405,15.75,False
2015-04-17,ESZ8,2056.0,2056.5,2019.25,2030.25,1822841,2702824,37.25,False
2015-04-20,ESZ8,2035.75,2052.25,2033.25,2045.75,1119881,2688683,19.0,False
2015-04-21,ESZ8,2044.25,2060.0,2042.0,2045.75,1052404,2683708,18.0,False
2015-04-22,ESZ8,2046.75,2058.5,2035.0,2055.0,1188586,2689547,23.5,False
2015-04-23,ESZ8,2054.0,2069.25,2042.25,2061.75,1362552,2713112,27.0,False
2015-04-24,ESZ8,2062.25,2069.5,2057.75,2066.5,958312,2711119,11.75,False
2015-04-27,ESZ8,2068.0,2074.5,2055.0,2059.5,1210483,2688678,19.5,False
2015-04-28,ESZ8,2058.5,2067.25,2043.0,2066.75,1476513,2706583,24.25,False
2015-04-29,ESZ8,2065.5,2067.25,2045.25,2053.75,1739720,2720143,22.0,False
2015-04-30,ESZ8,2053.0,2056.75,2025.0,2033.75,2026329,2765711,31.75,False
2015-05-01,ESZ8,2037.5,2057.25,2035.25,2056.25,1022085,2734463,22.0,False
2015-05-04,ESZ8,2056.5,2069.75,2052.75,2064.0,1000837,2721947,17.0,False
2015-05-05,ESZ8,2064.25,2066.5,2036.25,2038.75,1590274,2703366,30.25,False
2015-05-06,ESZ8,2040.25,2048.5,2016.0,2029.0,1756254,2729348,32.5,False
2015-05-07,ESZ8,2029.5,2043.0,2011.75,2039.0,1437746,2713209,31.25,False
2015-05-08,ESZ8,2040.0,2068.25,2038.75,2063.25,1379447,2722856,29.5,False
2015-05-11,ESZ8,2064.75,2068.25,2050.5,2052.5,1147278,2717411,17.75,False
2015-05-12,ESZ8,2052.5,2055.75,2034.0,2049.75,1483837,2710825,21.75,False
2015-05-13,ESZ8,2051.0,2061.25,2046.25,2049.25,1341325,2714341,15.0,False
2015-05-14,ESZ8,2050.75,2073.0,2046.75,2072.25,1104560,2725106,26.25,False
2015-05-15,ESZ8,2072.0,2077.5,2068.0,2073.75,1023893,2723990,9.5,False
2015-05-18,ESZ8,2074.0,2083.5,2067.0,2080.75,917101,2730361,16.5,False
2015-05-19,ESZ8,2081.5,2088.75,2076.0,2079.25,1001397,2716966,12.75,False
2015-05-20,ESZ8,2079.0,2087.0,2074.0,2077.25,1011268,2717293,13.0,False
2015-05-21,ESZ8,2075.5,2086.75,2069.75,2082.75,794479,2724877,17.0,False
2015-05-22,ESZ8,2084.0,2085.75,2077.5,2079.25,765943,2720027,8.25,False
2015-05-26,ESZ8,2079.25,2081.75,2050.75,2059.75,1589652,2723908,31.0,False
2015-05-27,ESZ8,2060.5,2079.0,2056.0,2075.75,1290556,2737526,23.0,False
2015-05-28,ESZ8,2074.75,2077.5,2065.25,2076.5,1082365,2746809,12.25,False
2015-05-29,ESZ8,2076.5,2077.5,2057.0,2060.75,1692162,2766529,20.5,False
2015-06-01,ESZ8,2061.75,2072.5,2055.0,2064.0,1338859,2763714,17.5,False
2015-06-02,ESZ8,2065.75,2070.75,2048.75,2061.5,1442814,2760870,22.0,False
2015-06-03,ESZ8,2061.75,2075.5,2061.5,2070.75,1314954,2751605,14.0,False
2015-06-04,ESZ8,2071.0,2071.25,2046.0,2053.75,1717287,2785151,25.25,False
2015-06-05,ESZ8,2053.5,2057.5,2038.25,2047.0,1460654,2777034,19.25,False
2015-06-08,ESZ8,2046.75,2048.0,2031.0,2033.0,1290922,2780512,17.0,False
2015-06-09,ESZ8,2034.75,2039.5,2023.5,2034.75,1449695,2747909,16.0,False
2015-06-10,ESZ8,2035.5,2062.75,2034.75,2061.75,1665519,2589953,28.0,False
2015-06-11,ESZ8,2061.0,2069.25,2058.0,2064.0,746891,755803,11.25,False
2015-06-12,ESZ8,2063.75,2064.0,2044.5,2047.5,1763160,1262058,19.5,False
2015-06-15,ESZ8,2039.0,2044.0,2025.25,2038.0,1999786,1764777,18.75,False
2015-06-16,ESZ8,2037.75,2052.5,2024.5,2051.5,1657466,2246290,28.0,False
2015-06-17,ESZ8,2052.25,2061.25,2041.25,2051.75,1578971,2433892,20.0,False
2015-06-18,ESZ8,2051.5,2081.75,2044.5,2077.25,1902148,2549027,37.25,False
2015-06-19,ESZ8,2077.25,2080.25,2059.5,2060.25,1239246,2537546,20.75,False
2015-06-22,ESZ8,2068.25,2084.5,2066.0,2075.25,1095709,2563433,18.5,False
2015-06-23,ESZ8,2077.25,2083.0,2073.75,2079.0,837133,2554179,9.25,False
2015-06-24,ESZ8,2080.0,2081.0,2061.5,2062.0,1163124,2536478,19.5,False
2015-06-25,ESZ8,2063.75,2075.25,2054.5,2056.5,1218149,2534335,20.75,False
2015-06-26,ESZ8,2057.25,2063.25,2048.75,2058.25,1321884,2526649,14.5,False
2015-06-29,ESZ8,2026.5,2045.75,2009.75,2013.0,2292340,2614259,36.0,False
2015-06-30,ESZ8,2017.0,2031.5,2009.25,2017.0,2381572,2615790,22.25,False
2015-07-01,ESZ8,2017.0,2040.0,2017.0,2033.5,1252317,2625405,23.0,False
2015-07-02,ESZ8,2034.0,2041.5,2024.75,2031.25,1252317,2625405,16.75,False
2015-07-06,ESZ8,2031.0,2034.25,1996.75,2027.0,1973058,2657211,37.5,False
2015-07-07,ESZ8,2030.25,2040.5,1997.5,2036.25,2531662,2658021,43.0,False
2015-07-08,ESZ8,2035.5,2035.75,1998.75,2001.75,2393226,2729842,37.0,False
2015-07-09,ESZ8,2002.25,2030.5,2000.75,2003.75,1981972,2667051,29.75,False
2015-07-10,ESZ8,2007.25,2037.25,2007.25,2031.5,1573858,2619051,30.0,False
2015-07-13,ESZ8,2017.25,2057.25,2014.5,2057.0,1333579,2619098,42.75,False
2015-07-14,ESZ8,2056.5,2068.0,2053.0,2064.5,955518,2600930,15.0,False
2015-07-15,ESZ8,2065.0,2070.25,2057.5,2066.75,1147598,2584404,12.75,False
2015-07-16,ESZ8,2066.5,2081.0,2065.25,2079.5,1107382,2609902,15.75,False
2015-07-17,ESZ8,2079.5,2082.5,2075.25,2081.25,903686,2592829,7.25,False
2015-07-20,ESZ8,2080.5,2088.75,2079.0,2084.5,937630,2610884,9.75,False
2015-07-21,ESZ8,2083.75,2087.5,2069.25,2077.0,1209300,2620479,18.25,False
2015-07-22,ESZ8,2070.25,2074.5,2064.75,2070.5,1224393,2627734,9.75,False
2015-07-23,ESZ8,2071.75,2076.25,2054.0,2061.0,1437249,2641582,22.25,False
2015-07-24,ESZ8,2063.5,2066.5,2032.25,2040.0,1669725,2675616,34.25,False
2015-07-27,ESZ8,2040.75,2043.25,2019.0,2027.0,1781810,2699408,24.25,False
2015-07-28,ESZ8,2028.0,2051.5,2024.0,2049.75,1725788,2671539,27.5,False
2015-07-29,ESZ8,2050.5,2066.75,2047.0,2064.0,1397228,2657695,19.75,False
2015-07-30,ESZ8,2062.0,2066.75,2050.25,2066.25,1286157,2654075,16.5,False
2015-07-31,ESZ8,2064.25,2071.75,2057.75,2061.0,1602805,2668917,14.0,False
2015-08-03,ESZ8,2061.25,2065.0,2042.5,2053.5,1512106,2669093,22.5,False
2015-08-04,ESZ8,2053.0,2058.75,2044.0,2045.5,1327878,2675097,14.75,False
2015-08-05,ESZ8,2045.0,2069.5,2044.75,2056.25,1384241,2656916,24.75,False
2015-08-06,ESZ8,2056.5,2061.75,2032.5,2042.0,1608876,2673527,29.25,False
2015-08-07,ESZ8,2042.5,2045.25,2024.5,2036.0,1596391,2717584,20.75,False
2015-08-10,ESZ8,2034.5,2063.75,2034.25,2062.25,1198912,2707594,29.5,False
2015-08-11,ESZ8,2063.25,2064.25,2033.25,2042.25,1783349,2736342,31.0,False
2015-08-12,ESZ8,2043.25,2047.75,2009.0,2046.75,2364321,2767869,38.75,False
2015-08-13,ESZ8,2045.25,2055.5,2035.75,2043.0,1496065,2773957,19.75,False
2015-08-14,ESZ8,2041.75,2053.0,2036.25,2052.0,1069465,2773006,16.75,False
2015-08-17,ESZ8,2052.0,2063.0,2037.25,2061.75,1292437,2783936,25.75,False
2015-08-18,ESZ8,2060.75,2066.25,2052.75,2056.5,1135552,2787015,13.5,False
2015-08-19,ESZ8,2055.75,2060.5,2029.0,2035.25,2289064,2805536,31.5,False
2015-08-20,ESZ8,2036.0,2040.25,1987.0,1988.0,2583142,2876543,53.25,True
2015-08-21,ESZ8,1988.75,1991.5,1929.75,1934.0,4168331,2938889,61.75,True
2015-08-24,ESZ8,1927.0,1927.25,1793.5,1833.75,5258752,3076257,133.75,True
2015-08-25,ESZ8,1835.25,1911.0,1822.5,1835.25,3658827,3069752,88.5,True
2015-08-26,ESZ8,1838.5,1905.5,1813.0,1900.5,3527300,3073835,92.5,True
2015-08-27,ESZ8,1903.75,1952.75,1897.0,1951.75,2940255,2964630,55.75,True
2015-08-28,ESZ8,1950.75,1955.25,1929.75,1952.25,1968514,2979180,25.5,False
2015-08-31,ESZ8,1948.75,1950.25,1921.75,1931.75,1876279,3011216,28.5,False
2015-09-01,ESZ8,1928.0,1928.75,1861.25,1878.5,2822050,3112082,67.5,True
2015-09-02,ESZ8,1876.0,1911.5,1869.75,1909.5,2178629,3096800,41.75,False
2015-09-03,ESZ8,1910.0,1936.0,1904.5,1908.5,2054305,3083716,31.5,False
2015-09-04,ESZ8,1909.75,1911.75,1870.25,1884.25,2138986,3137489,41.5,False
2015-09-08,ESZ8,1879.25,1931.25,1878.25,1928.25,1880634,3050459,53.0,True
2015-09-09,ESZ8,1929.0,1954.5,1898.0,1905.25,2144217,2957340,56.5,True
2015-09-10,ESZ8,1906.5,1929.5,1890.75,1911.5,1023035,806532,38.75,False
2015-09-11,ESZ8,1911.25,1924.25,1899.25,1922.0,1511006,1269688,25.0,False
2015-09-14,ESZ8,1924.75,1936.0,1908.25,1915.75,1574502,1747635,27.75,False
2015-09-15,ESZ8,1915.25,1944.75,1907.0,1941.75,2035624,2385584,37.75,False
2015-09-16,ESZ8,1942.0,1960.75,1934.5,1959.75,1644800,2665413,26.25,False
2015-09-17,ESZ8,1958.25,1983.5,1943.75,1949.0,2327768,2813414,39.75,False
2015-09-18,ESZ8,1948.25,1954.75,1913.0,1922.25,2423501,2876037,41.75,False
2015-09-21,ESZ8,1921.0,1940.75,1910.25,1934.75,1513503,2862583,30.5,False
2015-09-22,ESZ8,1936.0,1936.75,1889.5,1903.75,1985152,2876302,47.25,False
2015-09-23,ESZ8,1902.25,1913.5,1882.25,1900.25,1423965,2872265,31.25,False
2015-09-24,ESZ8,1903.5,1908.0,1869.0,1890.5,2218286,2864458,39.0,False
2015-09-25,ESZ8,1885.0,1922.75,1882.0,1891.0,2080724,2818148,40.75,False
2015-09-28,ESZ8,1887.25,1901.5,1840.5,1843.75,2354063,2885060,61.0,True
2015-09-29,ESZ8,1848.0,1861.5,1832.75,1846.25,2374651,2896165,28.75,False
2015-09-30,ESZ8,1846.75,1882.25,1843.0,1880.5,2216643,2867181,39.25,False
2015-10-01,ESZ8,1874.25,1901.25,1862.0,1888.5,2052465,2866971,39.25,False
2015-10-02,ESZ8,1888.75,1915.5,1854.75,1914.75,2466082,2898003,60.75,True
2015-10-05,ESZ8,1912.75,1951.75,1909.0,1946.5,1675519,2895436,42.75,False
2015-10-06,ESZ8,1944.75,1954.0,1934.25,1940.25,1606289,2894614,19.75,False
2015-10-07,ESZ8,1932.75,1963.0,1932.25,1959.0,1937061,2884317,30.75,False
2015-10-08,ESZ8,1959.5,1980.5,1942.75,1978.25,1803978,2917911,37.75,False
2015-10-09,ESZ8,1975.75,1985.75,1970.5,1979.25,1378359,2905895,15.25,False
2015-10-12,ESZ8,1977.0,1985.75,1973.5,1982.75,804576,2905112,12.25,False
2015-10-13,ESZ8,1983.75,1986.5,1963.0,1965.75,1518662,2880221,23.5,False
2015-10-14,ESZ8,1963.25,1973.5,1954.25,1955.75,1780661,2881542,19.25,False
2015-10-15,ESZ8,1957.5,1991.25,1956.75,1990.75,1731138,2892169,34.5,False
2015-10-16,ESZ8,1990.0,1998.25,1984.0,1997.25,1362298,2887889,14.25,False
2015-10-19,ESZ8,1996.25,1999.75,1986.0,1999.25,1306548,2890340,13.75,False
2015-10-20,ESZ8,1998.25,2003.25,1990.25,1992.25,1276349,2896843,13.0,False
2015-10-21,ESZ8,1991.5,2006.0,1979.25,1980.25,1791221,2890408,26.75,False
2015-10-22,ESZ8,1982.25,2027.75,1980.25,2024.75,2099217,2857210,47.5,False
2015-10-23,ESZ8,2026.0,2046.25,2025.0,2037.75,2067465,2788563,21.25,False
2015-10-26,ESZ8,2037.75,2039.75,2029.25,2034.0,1184323,2754513,10.5,False
2015-10-27,ESZ8,2035.5,2036.5,2023.0,2032.25,1243601,2757750,13.5,False
2015-10-28,ESZ8,2033.75,2057.0,2027.25,2056.25,1890861,2773132,29.75,False
2015-10-29,ESZ8,2052.75,2058.25,2045.0,2054.75,1407730,2779503,13.25,False
2015-10-30,ESZ8,2056.5,2066.5,2041.5,2045.5,1751269,2748794,25.0,False
2015-11-02,ESZ8,2044.75,2071.75,2036.0,2067.25,1284044,2774901,35.75,False
2015-11-03,ESZ8,2065.0,2082.0,2060.75,2074.75,1348316,2764810,21.25,False
2015-11-04,ESZ8,2074.25,2081.5,2062.25,2066.5,1546504,2767546,19.25,False
2015-11-05,ESZ8,2067.25,2076.5,2055.75,2065.75,1538081,2773738,20.75,False
2015-11-06,ESZ8,2066.5,2070.75,2049.25,2065.5,1846631,2780419,21.5,False
2015-11-09,ESZ8,2063.75,2069.5,2033.75,2044.75,1856213,2816439,35.75,False
2015-11-10,ESZ8,2044.0,2050.75,2036.25,2049.75,1286098,2826631,14.5,False
2015-11-11,ESZ8,2048.25,2059.0,2039.5,2040.75,1171396,2810012,19.5,False
2015-11-12,ESZ8,2040.25,2049.25,2011.25,2012.25,1807653,2804669,38.0,False
2015-11-13,ESZ8,2012.25,2017.75,1983.25,1990.25,2128939,2819215,34.5,False
2015-11-16,ESZ8,1978.25,2022.75,1970.25,2019.75,1711062,2803541,52.5,True
2015-11-17,ESZ8,2019.5,2035.25,2013.25,2020.75,1621036,2771239,22.0,False
2015-11-18,ESZ8,2021.5,2054.25,2014.75,2051.5,1543330,2788869,39.5,False
2015-11-19,ESZ8,2050.0,2061.0,2047.0,2051.0,1284869,2790570,14.0,False
2015-11-20,ESZ8,2050.0,2066.25,2047.75,2060.5,1273905,2751554,18.5,False
2015-11-23,ESZ8,2061.5,2064.75,2050.0,2056.0,976103,2759407,14.75,False
2015-11-24,ESZ8,2054.75,2063.25,2037.25,2056.5,1517871,2756429,26.0,False
2015-11-25,ESZ8,2055.75,2064.25,2054.0,2059.75,746319,2761335,10.25,False
2015-11-27,ESZ8,2066.5,2070.0,2053.25,2061.75,653387,2763546,16.75,False
2015-11-30,ESZ8,2061.25,2066.75,2050.25,2051.5,1389020,2764688,16.5,False
2015-12-01,ESZ8,2057.25,2073.25,2055.25,2071.75,1482186,2759024,18.0,False
2015-12-02,ESZ8,2071.25,2076.75,2046.75,2053.25,1725833,2741368,30.0,False
2015-12-03,ESZ8,2055.0,2067.0,2011.75,2023.0,2655148,2748380,55.25,True
2015-12-04,ESZ8,2025.0,2064.75,2018.5,2060.25,2269530,2668096,46.25,False
2015-12-07,ESZ8,2064.0,2067.25,2036.25,2052.75,1699318,2642562,31.0,False
2015-12-08,ESZ8,2051.75,2053.25,2022.0,2030.5,2005017,2624311,31.25,False
2015-12-09,ESZ8,2031.25,2051.5,2006.0,2013.75,2690846,2452093,45.5,False
2015-12-10,ESZ8,2016.75,2038.25,2015.25,2020.5,783692,787824,23.0,False
2015-12-11,ESZ8,2022.0,2027.25,1975.75,1980.75,2345329,1264033,51.5,True
2015-12-14,ESZ8,1981.0,1999.0,1962.75,1989.0,2652781,1775616,36.25,False
2015-12-15,ESZ8,1992.5,2025.25,1989.5,2016.5,2159593,2294823,35.75,False
2015-12-16,ESZ8,2017.0,2048.25,2010.5,2043.25,2035482,2448737,37.75,False
2015-12-17,ESZ8,2040.25,2052.25,2002.25,2004.25,2114912,2525720,50.0,True
2015-12-18,ESZ8,2003.5,2009.25,1970.5,1971.5,2118900,2570329,38.75,False
2015-12-21,ESZ8,1976.75,1999.0,1974.75,1994.5,1275266,2561504,24.25,False
2015-12-22,ESZ8,1996.5,2016.0,1986.75,2015.5,1144898,2542077,29.25,False
2015-12-23,ESZ8,2013.5,2037.25,2010.25,2032.5,1003982,2512689,27.0,False
2015-12-24,ESZ8,2032.25,2039.25,2028.5,2030.75,325205,2490347,10.75,False
2015-12-28,ESZ8,2030.75,2034.0,2014.75,2028.25,696448,2490832,19.25,False
2015-12-29,ESZ8,2029.25,2054.0,2027.0,2052.25,832686,2496174,27.0,False
2015-12-30,ESZ8,2051.5,2054.5,2033.0,2034.0,720601,2486459,21.5,False
2015-12-31,ESZ8,2034.75,2037.25,2009.75,2015.0,1029390,2492297,27.5,False
2016-01-04,ESZ8,2017.25,2023.0,1959.75,1988.5,2216549,2569569,63.25,True
2016-01-05,ESZ8,1988.5,1996.5,1971.75,1991.25,1688974,2562248,24.75,False
2016-01-06,ESZ8,1990.25,1992.75,1950.0,1965.5,2237518,2579137,42.75,False
2016-01-07,ESZ8,1967.25,1970.5,1908.0,1912.5,2969295,2610790,62.5,True
2016-01-08,ESZ8,1916.0,1944.25,1889.5,1891.0,2694404,2679953,54.75,True
2016-01-11,ESZ8,1888.75,1908.5,1872.0,1893.75,2490336,2718509,36.5,False
2016-01-12,ESZ8,1893.0,1919.75,1878.5,1904.5,2428110,2728789,41.25,False
2016-01-13,ESZ8,1902.0,1926.0,1857.5,1861.0,2899958,2767647,68.5,True
2016-01-14,ESZ8,1863.25,1907.0,1850.5,1894.0,3045826,2774821,56.5,True
2016-01-15,ESZ8,1893.0,1900.5,1828.75,1854.5,3441956,2848559,71.75,True
2016-01-19,ESZ8,1849.25,1887.0,1835.75,1852.5,2796679,2841234,51.25,True
2016-01-20,ESZ8,1851.25,1858.0,1783.75,1834.5,3929776,2867832,74.25,True
2016-01-21,ESZ8,1834.25,1862.75,1815.75,1840.5,2729407,2850850,47.0,False
2016-01-22,ESZ8,1838.0,1881.75,1835.25,1878.75,2106526,2841461,46.5,False
2016-01-25,ESZ8,1879.0,1883.75,1847.0,1849.75,1640401,2862213,36.75,False
2016-01-26,ESZ8,1851.25,1879.25,1830.75,1875.5,1780235,2870149,48.5,False
2016-01-27,ESZ8,1864.75,1889.5,1844.0,1854.5,2113363,2897826,45.5,False
2016-01-28,ESZ8,1859.5,1882.0,1845.25,1860.25,2254109,2872487,36.75,False
2016-01-29,ESZ8,1858.25,1912.5,1856.0,1909.5,2406399,2878549,56.5,True
2016-02-01,ESZ8,1909.25,1919.5,1892.0,1910.75,1748062,2888962,27.5,False
2016-02-02,ESZ8,1908.0,1908.75,1868.5,1877.0,2102411,2941058,40.25,False
2016-02-03,ESZ8,1874.5,1891.75,1844.5,1888.0,2848193,2944156,47.25,False
2016-02-04,ESZ8,1887.25,1901.75,1869.75,1887.25,2255360,2940610,32.0,False
2016-02-05,ESZ8,1884.75,1894.0,1845.25,1854.75,2320680,2998346,48.75,False
2016-02-08,ESZ8,1855.75,1864.0,1801.25,1831.5,2674512,3013528,62.75,True
2016-02-09,ESZ8,1829.25,1843.25,1805.25,1827.75,2792208,3002017,38.0,False
2016-02-10,ESZ8,1829.5,1857.25,1818.0,1826.25,2359881,3001438,39.25,False
2016-02-11,ESZ8,1821.75,1826.75,1782.0,1804.0,3203999,3021157,44.75,False
2016-02-12,ESZ8,1806.75,1840.25,1802.0,1837.75,2018154,2980271,38.25,False
2016-02-16,ESZ8,1844.75,1872.25,1844.5,1868.25,2034059,3003822,27.75,False
2016-02-17,ESZ8,1867.75,1907.5,1861.0,1902.25,1854185,2983644,46.5,False
2016-02-18,ESZ8,1906.25,1913.0,1890.75,1896.0,1615605,2975816,22.25,False
2016-02-19,ESZ8,1897.0,1902.25,1878.0,1894.0,1616647,2974705,24.25,False
2016-02-22,ESZ8,1890.5,1923.25,1887.75,1915.75,1425321,2985993,35.5,False
2016-02-23,ESZ8,1913.5,1917.5,1893.25,1895.5,1600879,2986569,24.25,False
2016-02-24,ESZ8,1893.5,1913.25,1866.25,1909.75,2315370,3001982,47.0,False
2016-02-25,ESZ8,1912.5,1931.0,1899.75,1930.0,1844284,3023219,31.25,False
2016-02-26,ESZ8,1928.5,1948.25,1920.75,1922.25,1876651,3014453,27.5,False
2016-02-29,ESZ8,1922.5,1935.75,1906.0,1909.0,1826411,3014983,29.75,False
2016-03-01,ESZ8,1907.5,1958.0,1900.25,1957.5,2035550,3008297,57.75,True
2016-03-02,ESZ8,1955.75,1964.25,1945.75,1963.0,1821662,3008594,18.5,False
2016-03-03,ESZ8,1961.25,1972.0,1954.25,1970.0,1555391,3018684,17.75,False
2016-03-04,ESZ8,1970.5,1987.0,1963.5,1974.5,2247812,3012243,23.5,False
2016-03-07,ESZ8,1974.0,1984.0,1964.0,1978.5,1633347,3005808,20.0,False
2016-03-08,ESZ8,1978.5,1979.75,1955.5,1960.5,1931272,2931226,24.25,False
2016-03-09,ESZ8,1961.25,1973.5,1957.5,1968.5,1744984,2746033,16.0,False
2016-03-10,ESZ8,1969.75,1989.75,1946.75,1968.25,1048138,875859,43.0,False
2016-03-11,ESZ8,1968.5,2001.5,1966.75,1999.25,1828591,1329369,34.75,False
2016-03-14,ESZ8,1998.25,2003.75,1990.75,1998.0,1651775,1761358,13.0,False
2016-03-15,ESZ8,1998.0,1998.75,1983.75,1995.25,1910850,2333364,15.0,False
2016-03-16,ESZ8,1995.5,2011.5,1985.75,2006.0,2043775,2630307,25.75,False
2016-03-17,ESZ8,2005.75,2025.5,1994.5,2019.0,2136877,2781180,31.0,False
2016-03-18,ESZ8,2020.0,2031.5,2015.75,2026.25,1775664,2810412,15.75,False
2016-03-21,ESZ8,2025.25,2033.25,2019.75,2031.5,1278261,2804277,13.5,False
2016-03-22,ESZ8,2032.0,2036.25,2017.5,2031.25,1496196,2811527,18.75,False
2016-03-23,ESZ8,2031.75,2034.0,2014.0,2017.5,1557185,2811251,20.0,False
2016-03-24,ESZ8,2016.75,2019.0,2001.0,2017.25,1524072,2802444,18.0,False
2016-03-28,ESZ8,2019.0,2028.5,2010.75,2016.75,907834,2808249,17.75,False
2016-03-29,ESZ8,2016.5,2038.0,2008.0,2036.25,1549483,2839325,30.0,False
2016-03-30,ESZ8,2037.25,2053.25,2035.5,2044.0,1627085,2857423,17.75,False
2016-03-31,ESZ8,2044.25,2048.5,2036.0,2040.25,1736311,2840616,12.5,False
2016-04-01,ESZ8,2041.5,2055.75,2024.0,2053.75,2051323,2868902,31.75,False
2016-04-04,ESZ8,2052.75,2060.25,2043.0,2046.25,1380117,2854772,17.25,False
2016-04-05,ESZ8,2044.25,2044.25,2023.0,2027.5,1827488,2855118,21.25,False
2016-04-06,ESZ8,2030.75,2049.25,2023.75,2049.0,1894599,2853456,25.5,False
2016-04-07,ESZ8,2048.5,2050.75,2014.75,2023.75,2052195,2866053,36.0,False
2016-04-08,ESZ8,2023.25,2043.0,2019.0,2029.5,1768420,2847223,24.0,False
2016-04-11,ESZ8,2029.75,2045.25,2021.25,2023.25,1679757,2856177,24.0,False
2016-04-12,ESZ8,2021.25,2047.25,2018.0,2044.5,1831285,2841320,29.25,False
2016-04-13,ESZ8,2044.0,2065.75,2042.75,2064.75,1637033,2848286,23.0,False
2016-04-14,ESZ8,2065.0,2070.5,2057.25,2065.25,1363745,2845632,13.25,False
2016-04-15,ESZ8,2066.5,2068.75,2058.25,2063.75,1230494,2824244,10.5,False
2016-04-18,ESZ8,2053.0,2077.5,2047.25,2075.5,1400343,2852963,30.25,False
2016-04-19,ESZ8,2074.0,2087.25,2073.5,2082.5,1565161,2851161,13.75,False
2016-04-20,ESZ8,2083.0,2094.0,2074.5,2086.75,1464683,2857101,19.5,False
2016-04-21,ESZ8,2086.5,2092.75,2067.5,2071.5,1638276,2826367,25.25,False
2016-04-22,ESZ8,2068.5,2077.75,2063.75,2074.75,1497994,2844218,14.0,False
2016-04-25,ESZ8,2080.25,2080.25,2059.75,2072.0,1280888,2847329,20.5,False
2016-04-26,ESZ8,2073.0,2080.0,2068.25,2077.25,1225834,2842322,11.75,False
2016-04-27,ESZ8,2071.0,2082.75,2065.0,2079.5,1420203,2837325,17.75,False
2016-04-28,ESZ8,2081.25,2083.0,2054.0,2061.25,1938653,2820781,29.0,False
2016-04-29,ESZ8,2062.5,2064.75,2034.5,2047.75,2419757,2773168,30.25,False
2016-05-02,ESZ8,2049.5,2066.25,2044.25,2063.0,1306173,2775854,22.0,False
2016-05-03,ESZ8,2064.25,2065.0,2036.75,2045.75,1827577,2776044,28.25,False
2016-05-04,ESZ8,2046.25,2049.0,2027.75,2035.75,1557981,2793137,21.25,False
2016-05-05,ESZ8,2035.25,2048.75,2028.25,2032.75,1433289,2793851,20.5,False
2016-05-06,ESZ8,2032.25,2043.25,2019.25,2041.5,1813432,2784714,24.0,False
2016-05-09,ESZ8,2041.75,2048.5,2037.0,2043.0,1370423,2786287,11.5,False
2016-05-10,ESZ8,2042.75,2068.5,2036.75,2066.25,1416966,2818389,31.75,False
2016-05-11,ESZ8,2066.0,2067.5,2046.25,2046.75,1471852,2791285,21.25,False
2016-05-12,ESZ8,2047.75,2061.5,2037.25,2047.5,1799103,2788453,24.25,False
2016-05-13,ESZ8,2048.0,2052.25,2027.25,2032.25,1878403,2795106,25.0,False
2016-05-16,ESZ8,2030.0,2057.25,2023.75,2051.5,1421736,2807176,33.5,False
2016-05-17,ESZ8,2050.75,2058.25,2025.5,2032.25,1988181,2803597,32.75,False
2016-05-18,ESZ8,2032.5,2046.5,2019.5,2030.25,2085972,2825083,27.0,False
2016-05-19,ESZ8,2032.25,2033.5,2010.75,2027.5,2055973,2849694,22.75,False
2016-05-20,ESZ8,2027.5,2044.25,2026.0,2038.75,1583721,2883517,18.25,False
2016-05-23,ESZ8,2042.0,2044.75,2032.25,2034.0,1183296,2890979,12.5,False
2016-05-24,ESZ8,2033.75,2066.0,2030.0,2063.75,1603195,2921127,36.0,False
2016-05-25,ESZ8,2063.75,2081.25,2062.25,2076.0,1442270,2921940,19.0,False
2016-05-26,ESZ8,2077.5,2080.5,2071.25,2078.5,968439,2915095,9.25,False
2016-05-27,ESZ8,2079.25,2087.5,2076.75,2086.0,1035175,2923990,10.75,False
2016-05-31,ESZ8,2088.75,2092.5,2074.75,2083.75,1631254,2920359,17.75,False
2016-06-01,ESZ8,2082.75,2088.0,2072.0,2086.75,1317565,2929830,16.0,False
2016-06-02,ESZ8,2085.5,2093.5,2075.5,2092.5,1299962,2962011,18.0,False
2016-06-03,ESZ8,2092.25,2094.75,2071.5,2086.5,1746160,2982125,23.25,False
2016-06-06,ESZ8,2086.25,2101.0,2082.75,2097.0,1272974,2969778,18.25,False
2016-06-07,ESZ8,2097.0,2106.75,2095.25,2099.0,1125951,2946364,11.5,False
2016-06-08,ESZ8,2099.0,2108.5,2095.25,2106.75,1308451,2850221,13.25,False
2016-06-09,ESZ8,2106.25,2107.25,2095.0,2103.0,785978,776981,12.25,False
2016-06-10,ESZ8,2102.25,2102.5,2077.25,2085.0,1799239,1213016,25.25,False
2016-06-13,ESZ8,2078.75,2087.0,2064.25,2067.5,2515271,1865658,22.75,False
2016-06-14,ESZ8,2065.0,2070.5,2052.5,2063.75,2770212,2419029,18.0,False
2016-06-15,ESZ8,2062.25,2077.25,2057.5,2061.25,1917677,2680115,19.75,False
2016-06-16,ESZ8,2060.25,2069.25,2038.5,2068.25,2446637,2759833,30.75,False
2016-06-17,ESZ8,2066.5,2072.5,2051.0,2056.75,1833560,2774441,21.5,False
2016-06-20,ESZ8,2068.75,2090.25,2068.0,2072.0,1598465,2781532,22.25,False
2016-06-21,ESZ8,2076.75,2083.75,2071.75,2078.25,1400709,2769327,12.0,False
2016-06-22,ESZ8,2077.0,2089.0,2073.0,2074.5,1419838,2779028,16.0,False
2016-06-23,ESZ8,2080.75,2111.0,2080.75,2103.5,1314510,2767191,30.25,False
2016-06-24,ESZ8,2113.5,2117.25,1996.75,2016.25,4174598,2936291,120.5,True
2016-06-27,ESZ8,2011.5,2020.25,1979.25,1982.75,3021015,2971282,41.0,False
2016-06-28,ESZ8,1980.25,2027.5,1980.0,2026.25,2285755,2938555,47.5,False
2016-06-29,ESZ8,2026.0,2072.5,2020.5,2064.5,2065151,3014342,52.0,True
2016-06-30,ESZ8,2070.0,2089.0,2054.25,2088.0,2301226,2999878,34.75,False
2016-07-01,ESZ8,2084.25,2098.5,2079.25,2094.0,1665376,2964059,19.25,False
2016-07-05,ESZ8,2097.5,2102.5,2070.25,2080.5,1862935,2990285,32.25,False
2016-07-06,ESZ8,2081.75,2092.25,2063.5,2091.75,2054794,2991181,28.75,False
2016-07-07,ESZ8,2089.75,2099.75,2079.5,2089.75,1666356,2972636,20.25,False
2016-07-08,ESZ8,2089.75,2123.25,2085.25,2118.25,1962358,2990354,38.0,False
2016-07-11,ESZ8,2118.0,2134.5,2117.75,2128.0,1467322,2989265,16.75,False
2016-07-12,ESZ8,2128.5,2147.0,2126.25,2143.5,1704053,2954643,20.75,False
2016-07-13,ESZ8,2143.5,2150.0,2137.25,2143.75,1633489,2971143,12.75,False
2016-07-14,ESZ8,2143.0,2165.75,2140.5,2155.0,1782561,2972196,25.25,False
2016-07-15,ESZ8,2154.25,2162.5,2141.0,2150.5,1518276,2929258,21.5,False
2016-07-18,ESZ8,2152.25,2161.0,2150.5,2157.75,1205765,2948315,10.5,False
2016-07-19,ESZ8,2157.75,2158.5,2149.0,2156.5,1151631,2949823,9.5,False
2016-07-20,ESZ8,2156.75,2167.5,2153.0,2165.25,1134131,2941964,14.5,False
2016-07-21,ESZ8,2166.0,2168.0,2151.25,2155.75,1300678,2924164,16.75,False
2016-07-22,ESZ8,2156.75,2167.0,2153.75,2165.25,1133059,2948052,13.25,False
2016-07-25,ESZ8,2165.5,2170.25,2153.5,2160.0,1264905,2933070,16.75,False
2016-07-26,ESZ8,2160.5,2165.75,2151.5,2161.0,1609035,2934771,14.25,False
2016-07-27,ESZ8,2163.75,2167.0,2149.75,2158.25,1642569,2924284,17.25,False
2016-07-28,ESZ8,2160.5,2166.25,2151.25,2162.5,1622142,2925225,15.0,False
2016-07-29,ESZ8,2163.25,2169.5,2155.25,2166.0,1718155,2881534,14.25,False
2016-08-01,ESZ8,2171.75,2175.5,2157.5,2162.25,1659094,2894206,18.0,False
2016-08-02,ESZ8,2163.75,2168.75,2139.25,2150.5,1958950,2902982,29.5,False
2016-08-03,ESZ8,2150.0,2156.0,2143.0,2154.75,1371176,2900807,13.0,False
2016-08-04,ESZ8,2154.5,2162.0,2151.75,2157.0,1239577,2885181,10.25,False
2016-08-05,ESZ8,2157.25,2176.25,2157.0,2174.5,1370482,2882132,19.25,False
2016-08-08,ESZ8,2173.75,2180.75,2171.0,2173.25,970557,2855905,9.75,False
2016-08-09,ESZ8,2173.75,2181.25,2171.5,2175.25,1191826,2877471,9.75,False
2016-08-10,ESZ8,2175.75,2179.25,2165.5,2170.5,1371937,2892125,13.75,False
2016-08-11,ESZ8,2170.25,2183.0,2167.75,2179.5,1326004,2894148,15.25,False
2016-08-12,ESZ8,2179.5,2181.75,2173.25,2178.0,1270055,2893992,8.5,False
2016-08-15,ESZ8,2178.5,2188.5,2178.25,2183.75,1090675,2918800,10.25,False
2016-08-16,ESZ8,2183.75,2184.0,2173.0,2174.5,1391768,2892388,11.0,False
2016-08-17,ESZ8,2175.25,2179.75,2163.25,2177.5,1702425,2895653,16.5,False
2016-08-18,ESZ8,2178.5,2182.25,2174.0,2181.25,1201115,2910049,8.25,False
2016-08-19,ESZ8,2181.25,2182.0,2170.25,2179.5,1431860,2911683,11.75,False
2016-08-22,ESZ8,2179.5,2182.25,2171.25,2179.25,1543249,2920136,11.0,False
2016-08-23,ESZ8,2178.5,2189.25,2177.0,2183.0,1125503,2940595,12.25,False
2016-08-24,ESZ8,2183.5,2185.5,2166.5,2172.75,1508048,2941003,19.0,False
2016-08-25,ESZ8,2172.75,2175.0,2165.25,2171.25,1501328,2938857,9.75,False
2016-08-26,ESZ8,2171.75,2184.5,2155.25,2166.25,2535682,2944282,29.25,False
2016-08-29,ESZ8,2165.5,2180.0,2162.25,2177.0,1245215,2971033,17.75,False
2016-08-30,ESZ8,2177.75,2179.25,2166.25,2173.0,1372345,2947680,13.0,False
2016-08-31,ESZ8,2173.5,2174.0,2157.25,2167.25,1864629,2969745,16.75,False
2016-09-01,ESZ8,2166.75,2175.0,2152.5,2165.0,1943431,2968916,22.5,False
2016-09-02,ESZ8,2164.0,2181.5,2162.0,2175.75,1700143,2959084,19.5,False
2016-09-06,ESZ8,2177.0,2184.0,2170.75,2182.25,1627643,2937524,13.25,False
2016-09-07,ESZ8,2183.0,2184.5,2175.25,2182.25,1459543,2892549,9.25,False
2016-09-08,ESZ8,2182.25,2187.0,2173.5,2175.25,866144,826592,13.5,False
2016-09-09,ESZ8,2174.5,2176.0,2117.5,2120.25,2818480,1446823,58.5,True
2016-09-12,ESZ8,2119.5,2160.25,2104.5,2156.25,3327280,1985223,55.75,True
2016-09-13,ESZ8,2154.75,2155.0,2116.5,2126.5,3724471,2442135,38.5,False
2016-09-14,ESZ8,2129.25,2138.75,2116.25,2117.5,2546136,2691473,22.5,False
2016-09-15,ESZ8,2119.25,2148.75,2112.0,2142.25,2301296,2818070,36.75,False
2016-09-16,ESZ8,2140.75,2141.25,2127.25,2136.75,2064530,2860255,14.0,False
2016-09-19,ESZ8,2136.5,2151.0,2132.0,2137.25,1527880,2886280,19.0,False
2016-09-20,ESZ8,2138.0,2147.75,2133.25,2135.25,1385876,2895223,14.5,False
2016-09-21,ESZ8,2134.25,2161.75,2130.5,2160.5,1826950,2907266,31.25,False
2016-09-22,ESZ8,2160.5,2177.0,2157.0,2172.5,1523998,2912107,20.0,False
2016-09-23,ESZ8,2172.5,2173.75,2160.25,2162.25,1448300,2905516,13.5,False
2016-09-26,ESZ8,2160.5,2163.75,2141.0,2144.0,1602771,2885941,22.75,False
2016-09-27,ESZ8,2143.5,2158.25,2137.0,2157.0,1659780,2880648,21.25,False
2016-09-28,ESZ8,2156.25,2169.5,2148.25,2167.5,1733016,2895144,21.25,False
2016-09-29,ESZ8,2166.5,2171.25,2141.5,2152.75,2306654,2894929,29.75,False
2016-09-30,ESZ8,2150.0,2172.5,2140.0,2164.75,1989690,2898001,32.5,False
2016-10-03,ESZ8,2163.0,2168.25,2151.0,2157.5,1406125,2878657,17.25,False
2016-10-04,ESZ8,2158.0,2164.0,2140.25,2149.0,2143439,2912290,23.75,False
2016-10-05,ESZ8,2148.5,2162.25,2145.25,2157.5,1369566,2921730,17.0,False
2016-10-06,ESZ8,2157.5,2161.5,2147.5,2160.75,1209239,2920563,14.0,False
2016-10-07,ESZ8,2159.5,2165.75,2142.25,2150.75,1958026,2913295,23.5,False
2016-10-10,ESZ8,2156.25,2167.75,2152.75,2163.25,952867,2942901,15.0,False
2016-10-11,ESZ8,2163.75,2165.0,2126.0,2138.75,2243746,2927494,39.0,False
2016-10-12,ESZ8,2137.25,2145.0,2130.5,2135.75,1483026,2929169,14.5,False
2016-10-13,ESZ8,2132.0,2136.5,2112.0,2130.5,2195134,2928712,24.5,False
2016-10-14,ESZ8,2130.5,2147.5,2126.5,2131.25,1841156,2920332,21.0,False
2016-10-17,ESZ8,2130.5,2134.25,2121.0,2127.25,1251946,2925829,13.25,False
2016-10-18,ESZ8,2126.75,2144.0,2124.5,2136.25,1139317,2928096,19.5,False
2016-10-19,ESZ8,2135.75,2146.75,2130.75,2142.25,948475,2944305,16.0,False
2016-10-20,ESZ8,2141.75,2148.75,2131.0,2141.25,1611098,2944425,17.75,False
2016-10-21,ESZ8,2140.25,2142.75,2127.5,2139.0,1409837,2968897,15.25,False
2016-10-24,ESZ8,2141.25,2153.25,2139.0,2148.5,1010790,2984151,14.25,False
2016-10-25,ESZ8,2149.0,2154.0,2139.5,2142.25,1198210,2979531,14.5,False
2016-10-26,ESZ8,2139.5,2144.25,2129.0,2138.25,1548442,2976108,15.25,False
2016-10-27,ESZ8,2138.0,2148.0,2126.75,2127.75,1795356,2985869,21.25,False
2016-10-28,ESZ8,2131.5,2139.5,2116.75,2128.0,2391182,2969629,22.75,False
2016-10-31,ESZ8,2124.25,2134.75,2119.0,2124.25,1371713,2977889,15.75,False
2016-11-01,ESZ8,2127.75,2133.75,2095.25,2108.0,2257062,2959958,38.5,False
2016-11-02,ESZ8,2106.5,2110.75,2091.5,2096.5,2013595,2930594,19.25,False
2016-11-03,ESZ8,2092.5,2103.0,2084.0,2087.75,1795490,2951457,19.0,False
2016-11-04,ESZ8,2088.25,2098.5,2083.0,2084.25,2079129,2916104,15.5,False
2016-11-07,ESZ8,2110.25,2135.0,2107.0,2133.25,1761750,2903060,28.0,False
2016-11-08,ESZ8,2133.25,2147.5,2123.25,2139.75,1751369,2896379,24.25,False
2016-11-09,ESZ8,2142.25,2171.0,2032.75,2164.5,5280237,2934892,138.25,True
2016-11-10,ESZ8,2163.75,2184.75,2152.0,2171.5,3132340,2927509,32.75,False
2016-11-11,ESZ8,2169.25,2174.75,2152.75,2165.75,1883989,2862982,22.0,False
2016-11-14,ESZ8,2168.75,2178.75,2156.5,2164.75,1815339,2858070,22.25,False
2016-11-15,ESZ8,2165.25,2184.0,2162.75,2183.5,1443589,2867069,21.25,False
2016-11-16,ESZ8,2183.25,2189.25,2173.0,2177.0,1327887,2892791,16.25,False
2016-11-17,ESZ8,2176.75,2189.75,2176.0,2188.5,1350348,2918293,13.75,False
2016-11-18,ESZ8,2188.25,2191.75,2180.75,2185.0,1280719,2932291,11.0,False
2016-11-21,ESZ8,2183.75,2200.75,2182.75,2197.25,1233201,2972343,18.0,False
2016-11-22,ESZ8,2197.5,2207.25,2196.0,2204.5,1257560,2975324,11.25,False
2016-11-23,ESZ8,2205.5,2207.75,2196.25,2205.0,1101994,2980896,11.5,False
2016-11-25,ESZ8,2205.25,2216.0,2201.75,2215.5,561560,2997249,14.25,False
2016-11-28,ESZ8,2212.25,2213.75,2202.5,2205.0,1371374,2989883,11.25,False
2016-11-29,ESZ8,2204.5,2213.75,2200.5,2208.0,1405556,3000528,13.25,False
2016-11-30,ESZ8,2207.5,2218.0,2201.5,2203.0,1960189,2970185,16.5,False
2016-12-01,ESZ8,2203.75,2207.25,2190.25,2196.25,2148721,2958961,17.0,False
2016-12-02,ESZ8,2194.75,2201.5,2188.5,2196.25,1682042,2925447,13.0,False
2016-12-05,ESZ8,2188.25,2213.0,2183.25,2208.5,1663731,2923523,29.75,False
2016-12-06,ESZ8,2209.25,2216.25,2204.5,2214.25,1483946,2883375,11.75,False
2016-12-07,ESZ8,2215.5,2245.5,2211.0,2241.0,2328449,2747403,34.5,False
2016-12-08,ESZ8,2240.75,2255.5,2237.25,2252.0,803345,686875,18.25,False
2016-12-09,ESZ8,2251.0,2265.25,2249.25,2264.25,1609142,1154579,16.0,False
2016-12-12,ESZ8,2264.75,2274.25,2256.25,2260.0,1973091,1706174,18.0,False
2016-12-13,ESZ8,2259.75,2282.5,2257.25,2277.25,2325023,2245145,25.25,False
2016-12-14,ESZ8,2277.5,2282.0,2252.5,2261.5,2267763,2592645,29.5,False
2016-12-15,ESZ8,2261.25,2277.25,2256.75,2268.0,1976782,2678369,20.5,False
2016-12-16,ESZ8,2269.0,2273.5,2259.0,2264.75,1415262,2726523,14.5,False
2016-12-19,ESZ8,2265.5,2273.25,2263.5,2269.5,928690,2732597,9.75,False
2016-12-20,ESZ8,2269.75,2279.0,2269.5,2276.0,814005,2748679,9.5,False
2016-12-21,ESZ8,2276.75,2277.5,2267.5,2270.0,667705,2735177,10.0,False
2016-12-22,ESZ8,2267.75,2270.5,2261.0,2268.25,847626,2756335,9.5,False
2016-12-23,ESZ8,2267.0,2270.5,2263.75,2269.5,396535,2755246,6.75,False
2016-12-27,ESZ8,2268.25,2279.0,2267.25,2270.5,498741,2744092,11.75,False
2016-12-28,ESZ8,2270.75,2277.0,2253.0,2254.75,1000606,2758174,24.0,False
2016-12-29,ESZ8,2255.0,2259.5,2249.0,2254.5,913220,2752438,10.5,False
2016-12-30,ESZ8,2255.75,2262.25,2237.5,2245.75,1281987,2787056,24.75,False
2017-01-03,ESZ8,2250.25,2269.0,2249.0,2262.0,1810351,2799661,20.0,False
2017-01-04,ESZ8,2262.25,2276.75,2260.5,2273.75,1404875,2804829,16.25,False
2017-01-05,ESZ8,2274.0,2275.5,2263.5,2273.75,1324035,2807328,12.0,False
2017-01-06,ESZ8,2273.75,2286.5,2267.75,2281.0,1551007,2815455,18.75,False
2017-01-09,ESZ8,2280.75,2284.75,2273.0,2274.5,1025182,2814013,11.75,False
2017-01-10,ESZ8,2274.0,2283.5,2269.0,2273.25,1304523,2813855,14.5,False
2017-01-11,ESZ8,2273.25,2281.25,2264.5,2280.0,1733727,2812470,16.75,False
2017-01-12,ESZ8,2280.0,2280.0,2258.0,2273.0,1752976,2793398,22.0,False
2017-01-13,ESZ8,2274.0,2283.0,2272.25,2282.0,1192660,2803386,10.75,False
2017-01-17,ESZ8,2279.75,2280.0,2266.75,2272.25,1540220,2791366,13.25,False
2017-01-18,ESZ8,2271.5,2278.0,2267.75,2276.0,1111992,2790421,10.25,False
2017-01-19,ESZ8,2275.0,2279.0,2262.5,2271.0,1386240,2813697,16.5,False
2017-01-20,ESZ8,2270.5,2282.25,2269.25,2275.5,1737181,2793940,13.0,False
2017-01-23,ESZ8,2275.5,2277.0,2261.25,2271.5,1474482,2821419,15.75,False
2017-01-24,ESZ8,2270.25,2290.0,2269.0,2284.0,1273116,2847811,21.0,False
2017-01-25,ESZ8,2285.25,2304.75,2284.25,2303.5,1386477,2855527,20.5,False
2017-01-26,ESZ8,2303.25,2309.0,2299.0,2303.5,1170427,2835457,10.0,False
2017-01-27,ESZ8,2303.5,2306.25,2296.5,2298.5,942076,2819735,9.75,False
2017-01-30,ESZ8,2291.5,2295.25,2272.75,2285.5,1850992,2805447,22.5,False
2017-01-31,ESZ8,2285.25,2287.75,2271.75,2284.0,1628810,2807756,16.0,False
2017-02-01,ESZ8,2286.5,2294.5,2277.75,2284.0,1565006,2829202,16.75,False
2017-02-02,ESZ8,2284.5,2289.25,2274.0,2285.0,1414426,2817455,15.25,False
2017-02-03,ESZ8,2283.5,2303.5,2280.0,2300.5,1415043,2831500,23.5,False
2017-02-06,ESZ8,2302.5,2303.75,2293.0,2296.0,1164914,2840033,10.75,False
2017-02-07,ESZ8,2295.75,2304.5,2293.5,2298.0,1202059,2855102,11.0,False
2017-02-08,ESZ8,2295.25,2301.5,2290.5,2299.75,1283261,2882114,11.0,False
2017-02-09,ESZ8,2300.0,2317.25,2297.25,2313.75,1354847,2888499,20.0,False
2017-02-10,ESZ8,2313.75,2325.25,2312.5,2322.25,1177521,2903005,12.75,False
2017-02-13,ESZ8,2323.75,2338.5,2322.75,2335.75,1210205,2938992,15.75,False
2017-02-14,ESZ8,2336.0,2347.25,2329.25,2346.5,1390309,2959085,18.0,False
2017-02-15,ESZ8,2345.0,2361.0,2340.75,2360.0,1532340,2985535,20.25,False
2017-02-16,ESZ8,2359.75,2360.25,2346.25,2355.0,1737007,2986733,14.0,False
2017-02-17,ESZ8,2354.5,2358.25,2346.0,2357.5,1399520,2959348,12.25,False
2017-02-21,ESZ8,2356.0,2374.5,2355.5,2369.5,1653551,2968353,19.0,False
2017-02-22,ESZ8,2369.5,2373.25,2364.75,2370.5,1301504,2968035,8.5,False
2017-02-23,ESZ8,2371.5,2377.0,2362.5,2372.25,1556359,2980360,14.5,False
2017-02-24,ESZ8,2371.0,2375.25,2359.0,2374.5,1551959,2993230,16.25,False
2017-02-27,ESZ8,2372.25,2380.25,2370.5,2377.75,1156575,3011470,9.75,False
2017-02-28,ESZ8,2375.25,2378.25,2367.0,2372.25,1610710,2997859,11.25,False
2017-03-01,ESZ8,2374.0,2410.5,2372.75,2403.0,2171551,3017456,37.75,False
2017-03-02,ESZ8,2401.75,2403.75,2387.5,2391.5,1744834,3006952,16.25,False
2017-03-03,ESZ8,2389.25,2392.75,2383.25,2390.75,1357594,3023373,9.5,False
2017-03-06,ESZ8,2389.75,2390.25,2376.5,2385.0,1376883,3013897,13.75,False
2017-03-07,ESZ8,2380.75,2385.0,2374.0,2376.0,1303962,2984987,11.0,False
2017-03-08,ESZ8,2375.25,2382.5,2369.0,2373.5,1651698,2858334,13.5,False
2017-03-09,ESZ8,2372.75,2378.75,2363.5,2375.75,816870,810266,15.25,False
2017-03-10,ESZ8,2377.0,2388.75,2371.5,2381.0,1865954,1360269,17.25,False
2017-03-13,ESZ8,2380.25,2384.5,2377.25,2384.25,1612837,2009462,7.25,False
2017-03-14,ESZ8,2383.25,2384.0,2367.25,2375.5,2014740,2510965,16.75,False
2017-03-15,ESZ8,2376.0,2400.25,2375.5,2393.0,1775343,2751526,24.75,False
2017-03-16,ESZ8,2391.75,2401.25,2386.0,2391.5,1616078,2805086,15.25,False
2017-03-17,ESZ8,2391.75,2394.75,2385.25,2387.75,1277357,2826536,9.5,False
2017-03-20,ESZ8,2386.25,2388.5,2378.0,2382.75,1076099,2840769,10.5,False
2017-03-21,ESZ8,2381.5,2391.25,2350.5,2354.75,2567939,2863550,40.75,False
2017-03-22,ESZ8,2353.0,2361.25,2344.75,2355.0,1883451,2857290,16.5,False
2017-03-23,ESZ8,2354.75,2368.5,2350.75,2352.5,1631527,2868912,17.75,False
2017-03-24,ESZ8,2353.5,2365.25,2344.25,2357.25,1600274,2875174,21.0,False
2017-03-27,ESZ8,2349.5,2354.0,2330.25,2351.0,1614233,2887081,23.75,False
2017-03-28,ESZ8,2353.0,2373.0,2346.0,2364.0,1623900,2879278,27.0,False
2017-03-29,ESZ8,2365.5,2372.25,2361.25,2369.5,1154538,2859571,11.0,False
2017-03-30,ESZ8,2369.5,2379.25,2365.75,2377.0,1164616,2840998,13.5,False
2017-03-31,ESZ8,2378.0,2379.25,2369.25,2371.75,1568884,2827140,10.0,False
2017-04-03,ESZ8,2370.0,2375.75,2352.5,2368.5,1716027,2833401,23.25,False
2017-04-04,ESZ8,2366.75,2371.25,2357.25,2369.0,1209054,2845954,14.0,False
2017-04-05,ESZ8,2371.25,2387.5,2356.25,2359.0,1938825,2842290,31.25,False
2017-04-06,ESZ8,2358.0,2373.75,2350.5,2366.25,1595949,2849681,23.25,False
2017-04-07,ESZ8,2367.75,2373.25,2349.25,2364.75,1473460,2860278,24.0,False
2017-04-10,ESZ8,2364.25,2375.75,2360.0,2365.0,1351301,2853258,15.75,False
2017-04-11,ESZ8,2366.75,2368.25,2345.75,2363.5,1856700,2874990,22.5,False
2017-04-12,ESZ8,2364.25,2369.0,2350.0,2353.25,1534596,2864722,19.0,False
2017-04-13,ESZ8,2351.25,2357.5,2336.5,2340.0,1587079,2891636,21.0,False
2017-04-17,ESZ8,2336.5,2358.5,2335.25,2357.5,981675,2917728,23.25,False
2017-04-18,ESZ8,2357.5,2359.5,2342.75,2349.75,1432200,2902156,16.75,False
2017-04-19,ESZ8,2350.25,2361.75,2343.75,2346.25,1254296,2916069,18.0,False
2017-04-20,ESZ8,2345.75,2370.75,2345.0,2364.5,1468523,2931794,25.75,False
2017-04-21,ESZ8,2365.25,2368.5,2353.0,2360.0,1277783,2913388,15.5,False
2017-04-24,ESZ8,2378.25,2389.25,2377.75,2382.5,1553985,2930783,11.5,False
2017-04-25,ESZ8,2382.5,2401.75,2380.75,2397.5,1324272,2935704,21.0,False
2017-04-26,ESZ8,2395.5,2407.25,2394.0,2394.75,1493096,2938058,13.25,False
2017-04-27,ESZ8,2394.0,2401.25,2391.25,2398.5,1115269,2923644,10.0,False
2017-04-28,ESZ8,2398.75,2401.25,2390.75,2393.0,1167297,2912638,10.5,False
2017-05-01,ESZ8,2394.0,2403.25,2389.5,2399.5,906278,2921914,13.75,False
2017-05-02,ESZ8,2398.75,2401.25,2394.25,2398.25,958983,2934188,7.0,False
2017-05-03,ESZ8,2396.5,2398.5,2388.0,2395.75,1076558,2956726,10.5,False
2017-05-04,ESZ8,2394.5,2403.25,2388.5,2398.0,1229736,2968492,14.75,False
2017-05-05,ESZ8,2398.5,2411.75,2391.5,2410.25,1127621,2962496,20.25,False
2017-05-08,ESZ8,2415.0,2416.25,2402.25,2407.5,957161,2993818,14.0,False
2017-05-09,ESZ8,2407.0,2412.5,2401.25,2405.75,1105436,3005154,11.25,False
2017-05-10,ESZ8,2404.25,2409.5,2400.0,2407.75,998859,3021048,9.5,False
2017-05-11,ESZ8,2407.5,2407.75,2391.5,2403.5,1356242,3028521,16.25,False
2017-05-12,ESZ8,2402.75,2404.0,2396.75,2401.25,1087422,3042372,7.25,False
2017-05-15,ESZ8,2401.25,2414.75,2400.5,2411.0,1041264,3014458,14.25,False
2017-05-16,ESZ8,2412.25,2417.0,2406.25,2409.5,1071111,3022590,10.75,False
2017-05-17,ESZ8,2409.0,2409.25,2367.25,2370.0,2814349,3043738,42.0,False
2017-05-18,ESZ8,2367.5,2387.5,2357.0,2376.0,2460956,3013981,30.5,False
2017-05-19,ESZ8,2376.5,2400.5,2373.5,2394.0,1672971,3053781,27.0,False
2017-05-22,ESZ8,2394.25,2406.75,2390.75,2405.25,1113022,3021298,16.0,False
2017-05-23,ESZ8,2406.0,2412.0,2399.25,2410.5,1024986,3016724,12.75,False
2017-05-24,ESZ8,2409.5,2416.5,2407.25,2414.5,984358,3023636,9.25,False
2017-05-25,ESZ8,2415.5,2430.25,2415.0,2426.0,1315611,3036957,15.25,False
2017-05-26,ESZ8,2425.5,2428.25,2420.5,2426.25,879560,3021277,7.75,False
2017-05-30,ESZ8,2426.5,2429.5,2420.25,2423.25,1040285,3016889,9.25,False
2017-05-31,ESZ8,2423.0,2429.25,2415.25,2423.5,1729723,3009433,14.0,False
2017-06-01,ESZ8,2426.25,2443.0,2423.0,2442.0,1432385,2994911,20.0,False
2017-06-02,ESZ8,2441.75,2452.25,2439.5,2450.25,1735800,3012651,12.75,False
2017-06-05,ESZ8,2447.75,2451.5,2445.5,2447.0,891938,2987026,6.0,False
2017-06-06,ESZ8,2446.75,2448.25,2438.75,2443.25,1353806,2951006,9.5,False
2017-06-07,ESZ8,2442.0,2447.5,2436.5,2444.5,1431930,2833510,11.0,False
2017-06-08,ESZ8,2445.0,2451.5,2439.75,2445.0,637421,643602,11.75,False
2017-06-09,ESZ8,2440.0,2458.25,2427.25,2443.0,2096199,1173137,31.0,False
2017-06-12,ESZ8,2442.75,2443.5,2431.5,2441.25,2175655,1854267,12.0,False
2017-06-13,ESZ8,2441.25,2454.0,2440.0,2452.75,1923275,2433721,14.0,False
2017-06-14,ESZ8,2453.0,2458.0,2440.5,2450.0,1818280,2689253,17.5,False
2017-06-15,ESZ8,2448.5,2449.25,2431.0,2446.75,1874682,2814642,18.25,False
2017-06-16,ESZ8,2446.0,2451.5,2435.0,2445.75,1336684,2844602,16.5,False
2017-06-19,ESZ8,2448.25,2466.25,2447.5,2462.25,1223334,2840491,18.75,False
2017-06-20,ESZ8,2462.5,2465.75,2448.75,2452.25,1332027,2807910,17.0,False
2017-06-21,ESZ8,2450.5,2454.75,2442.75,2448.25,1374762,2811556,12.0,False
2017-06-22,ESZ8,2446.5,2453.75,2442.75,2446.5,1056822,2820925,11.0,False
2017-06-23,ESZ8,2446.0,2453.5,2443.0,2449.75,1197448,2833023,10.5,False
2017-06-26,ESZ8,2446.75,2462.25,2444.75,2450.75,1265812,2836678,17.5,False
2017-06-27,ESZ8,2450.5,2452.0,2431.25,2435.25,1639883,2858564,20.75,False
2017-06-28,ESZ8,2431.75,2457.25,2428.5,2453.25,1560424,2839741,28.75,False
2017-06-29,ESZ8,2456.75,2459.75,2417.0,2434.75,2337789,2839900,42.75,False
2017-06-30,ESZ8,2435.5,2444.5,2429.75,2435.75,1638217,2839439,14.75,False
2017-07-03,ESZ8,2436.75,2451.25,2436.25,2439.75,766228,2829039,15.0,False
2017-07-05,ESZ8,2438.5,2447.0,2434.0,2442.75,1287423,2829632,13.0,False
2017-07-06,ESZ8,2442.75,2445.25,2420.0,2423.25,1603746,2824775,25.25,False
2017-07-07,ESZ8,2424.0,2439.75,2422.25,2437.25,1266391,2820247,17.5,False
2017-07-10,ESZ8,2437.75,2444.75,2434.0,2439.25,861222,2822091,10.75,False
2017-07-11,ESZ8,2438.5,2442.5,2425.0,2439.25,1132273,2817389,17.5,False
2017-07-12,ESZ8,2439.75,2458.5,2437.25,2454.75,1163339,2851150,21.25,False
2017-07-13,ESZ8,2456.0,2461.75,2453.75,2460.25,941061,2854397,8.0,False
2017-07-14,ESZ8,2461.25,2476.0,2456.75,2470.75,1091078,2865849,19.25,False
2017-07-17,ESZ8,2471.75,2475.25,2468.75,2473.25,862469,2866491,6.5,False
2017-07-18,ESZ8,2474.0,2475.75,2462.75,2472.5,1091158,2885191,13.0,False
2017-07-19,ESZ8,2474.5,2486.75,2472.5,2486.25,958463,2909049,14.25,False
2017-07-20,ESZ8,2485.75,2491.0,2480.25,2486.0,1106684,2936167,10.75,False
2017-07-21,ESZ8,2487.25,2490.0,2477.5,2484.25,1095937,2953775,12.5,False
2017-07-24,ESZ8,2484.5,2485.25,2478.25,2483.25,857750,2964274,7.0,False
2017-07-25,ESZ8,2481.75,2493.5,2481.0,2488.75,1074033,2962640,12.5,False
2017-07-26,ESZ8,2490.0,2494.5,2486.25,2488.0,972444,2948345,8.25,False
2017-07-27,ESZ8,2489.25,2495.25,2471.75,2486.75,1647577,2970960,23.5,False
2017-07-28,ESZ8,2486.75,2486.75,2476.25,2485.0,1156784,2984105,10.5,False
2017-07-31,ESZ8,2485.25,2489.75,2480.0,2482.75,1229202,2994555,9.75,False
2017-08-01,ESZ8,2482.75,2492.0,2481.0,2487.0,1043439,3021662,11.0,False
2017-08-02,ESZ8,2488.75,2490.75,2478.0,2488.25,1304650,3020172,12.75,False
2017-08-03,ESZ8,2488.0,2489.25,2480.75,2486.5,1087355,3044605,8.5,False
2017-08-04,ESZ8,2485.5,2492.5,2482.5,2486.75,1070866,3043959,10.0,False
2017-08-07,ESZ8,2487.0,2493.0,2486.75,2492.25,599701,3053147,6.25,False
2017-08-08,ESZ8,2492.25,2503.25,2482.25,2487.5,1367671,3064631,21.0,False
2017-08-09,ESZ8,2484.75,2489.25,2473.75,2487.75,1555517,3086189,15.5,False
2017-08-10,ESZ8,2488.75,2489.0,2447.5,2452.25,2324062,3103935,41.5,False
2017-08-11,ESZ8,2449.25,2461.25,2445.0,2454.75,1670104,3090248,16.25,False
2017-08-14,ESZ8,2456.25,2481.25,2456.25,2478.25,1470477,3114038,25.0,False
2017-08-15,ESZ8,2479.25,2488.0,2474.75,2478.5,1060173,3095077,13.25,False
2017-08-16,ESZ8,2479.25,2488.75,2476.25,2482.25,1137333,3112624,12.5,False
2017-08-17,ESZ8,2481.5,2483.25,2438.5,2444.25,2236170,3125361,44.75,False
2017-08-18,ESZ8,2441.5,2454.25,2434.25,2441.5,2203303,3127030,20.0,False
2017-08-21,ESZ8,2443.5,2446.25,2430.5,2442.75,1339966,3139301,15.75,False
2017-08-22,ESZ8,2442.75,2469.0,2442.25,2467.5,1367156,3137149,26.75,False
2017-08-23,ESZ8,2467.75,2469.5,2453.5,2456.25,1243382,3145019,16.0,False
2017-08-24,ESZ8,2455.0,2463.75,2449.25,2455.5,1407417,3150958,14.5,False
2017-08-25,ESZ8,2457.25,2468.25,2452.25,2457.25,1211227,3175692,16.0,False
2017-08-28,ESZ8,2456.75,2464.0,2451.0,2458.5,953054,3165053,13.0,False
2017-08-29,ESZ8,2448.75,2463.25,2435.75,2461.75,1615262,3176774,27.5,False
2017-08-30,ESZ8,2461.25,2474.5,2457.5,2470.5,1301444,3193564,17.0,False
2017-08-31,ESZ8,2470.0,2489.0,2469.5,2484.75,1752826,3208773,19.5,False
2017-09-01,ESZ8,2485.0,2494.5,2484.75,2489.0,1057024,3189967,9.75,False
2017-09-05,ESZ8,2476.0,2486.0,2460.25,2474.5,2123649,3120167,25.75,False
2017-09-06,ESZ8,2475.0,2483.75,2471.25,2480.25,1574076,3048416,12.5,False
2017-09-07,ESZ8,2478.75,2483.5,2472.25,2481.25,699851,719665,11.25,False
2017-09-08,ESZ8,2481.25,2482.25,2471.75,2477.5,1465772,1244827,10.5,False
2017-09-11,ESZ8,2484.25,2503.75,2483.25,2502.25,1893177,1942428,20.5,False
2017-09-12,ESZ8,2503.0,2511.5,2501.75,2510.75,1739059,2617586,9.75,False
2017-09-13,ESZ8,2511.75,2512.0,2505.5,2511.25,1426452,2954281,6.5,False
2017-09-14,ESZ8,2511.0,2512.75,2504.0,2510.75,1372582,3059813,8.75,False
2017-09-15,ESZ8,2510.25,2516.5,2503.5,2513.75,1367390,3088031,13.0,False
2017-09-18,ESZ8,2515.5,2522.5,2514.25,2519.25,1090827,3107021,8.25,False
2017-09-19,ESZ8,2519.25,2522.5,2517.5,2521.25,961109,3077878,5.0,False
2017-09-20,ESZ8,2520.25,2523.75,2510.5,2521.75,1232948,3084444,13.25,False
2017-09-21,ESZ8,2521.0,2522.75,2513.0,2517.5,1117630,3073085,9.75,False
2017-09-22,ESZ8,2517.25,2517.5,2508.5,2516.0,1024727,3048657,9.0,False
2017-09-25,ESZ8,2515.5,2521.0,2501.5,2513.5,1539626,3052713,19.5,False
2017-09-26,ESZ8,2514.5,2517.75,2508.75,2512.0,1144642,3045716,9.0,False
2017-09-27,ESZ8,2511.5,2525.75,2509.5,2521.0,1576031,3029435,16.25,False
2017-09-28,ESZ8,2519.75,2524.75,2515.5,2524.25,1109027,2998518,9.25,False
2017-09-29,ESZ8,2524.25,2534.25,2521.25,2532.5,1368322,2965796,13.0,False
2017-10-02,ESZ8,2534.5,2544.5,2533.5,2542.75,1138362,2989180,11.0,False
2017-10-03,ESZ8,2543.75,2550.0,2542.0,2549.25,849153,2991691,8.0,False
2017-10-04,ESZ8,2549.5,2554.5,2545.5,2552.75,956590,3019627,9.0,False
2017-10-05,ESZ8,2551.75,2567.25,2551.0,2566.5,1104438,3059096,16.25,False
2017-10-06,ESZ8,2565.25,2566.25,2558.0,2561.5,1169419,3050587,8.25,False
2017-10-09,ESZ8,2559.75,2567.0,2555.75,2560.25,735488,3053792,11.25,False
2017-10-10,ESZ8,2559.75,2569.75,2559.25,2565.0,1149236,3043930,10.5,False
2017-10-11,ESZ8,2565.25,2570.0,2560.75,2569.5,818238,3043432,9.25,False
2017-10-12,ESZ8,2568.75,2569.75,2562.75,2566.0,938476,3051483,7.0,False
2017-10-13,ESZ8,2564.5,2572.0,2563.5,2569.25,918541,3043181,8.5,False
2017-10-16,ESZ8,2568.75,2574.25,2567.25,2572.75,795923,3046741,7.0,False
2017-10-17,ESZ8,2572.0,2574.25,2568.75,2573.5,738739,3049820,5.5,False
2017-10-18,ESZ8,2573.0,2578.75,2572.75,2576.5,753384,3066930,6.0,False
2017-10-19,ESZ8,2576.5,2578.0,2559.0,2577.0,1362805,3075982,19.0,False
2017-10-20,ESZ8,2577.5,2591.0,2576.0,2590.5,1254054,3086207,15.0,False
2017-10-23,ESZ8,2589.25,2593.75,2578.0,2580.0,1272965,3099071,15.75,False
2017-10-24,ESZ8,2579.0,2586.75,2578.75,2583.75,1047808,3110298,8.0,False
2017-10-25,ESZ8,2581.25,2582.75,2558.0,2575.0,2099172,3089530,24.75,False
2017-10-26,ESZ8,2576.0,2581.5,2572.0,2578.0,1392205,3113436,9.5,False
2017-10-27,ESZ8,2578.0,2597.25,2574.0,2595.0,1561074,3135063,23.25,False
2017-10-30,ESZ8,2592.0,2594.75,2582.0,2584.75,1237600,3124388,12.75,False
2017-10-31,ESZ8,2584.5,2592.0,2583.25,2589.25,1051279,3115078,8.75,False
2017-11-01,ESZ8,2589.25,2602.0,2587.5,2591.25,1290220,3131769,14.5,False
2017-11-02,ESZ8,2588.0,2595.0,2578.75,2593.25,1297222,3135768,16.25,False
2017-11-03,ESZ8,2594.0,2602.0,2590.0,2599.25,992681,3163563,12.0,False
2017-11-06,ESZ8,2596.5,2606.5,2592.0,2605.25,848119,3158316,14.5,False
2017-11-07,ESZ8,2604.25,2610.0,2597.25,2603.25,1163840,3167322,12.75,False
2017-11-08,ESZ8,2600.5,2609.0,2596.25,2607.5,1058023,3156032,12.75,False
2017-11-09,ESZ8,2607.75,2611.0,2579.75,2600.5,2218191,3155416,31.25,False
2017-11-10,ESZ8,2598.5,2602.25,2588.0,2596.0,1193217,3179045,14.25,False
2017-11-13,ESZ8,2596.75,2602.0,2586.75,2598.5,1052173,3175524,15.25,False
2017-11-14,ESZ8,2596.75,2598.75,2580.75,2594.5,1582882,3176001,18.0,False
2017-11-15,ESZ8,2593.25,2593.5,2572.0,2581.5,1917948,3180712,21.5,False
2017-11-16,ESZ8,2580.75,2606.0,2578.75,2601.5,1528865,3219914,27.25,False
2017-11-17,ESZ8,2600.75,2602.5,2591.25,2592.75,1186958,3205145,11.25,False
2017-11-20,ESZ8,2592.5,2600.5,2584.25,2598.5,1000520,3195685,16.25,False
2017-11-21,ESZ8,2598.5,2617.0,2595.75,2612.75,1153787,3213608,21.25,False
2017-11-22,ESZ8,2612.25,2616.5,2609.25,2611.0,770812,3196045,7.25,False
2017-11-24,ESZ8,2609.75,2619.5,2606.0,2617.5,551196,3204044,13.5,False
2017-11-27,ESZ8,2617.5,2622.0,2613.0,2618.25,960112,3200150,9.0,False
2017-11-28,ESZ8,2618.75,2643.5,2614.0,2642.5,1558414,3236041,29.5,False
2017-11-29,ESZ8,2642.0,2650.75,2636.25,2641.5,1661775,3239614,14.5,False
2017-11-30,ESZ8,2641.5,2675.0,2638.25,2664.5,2346236,3275991,36.75,False
2017-12-01,ESZ8,2657.25,2667.25,2621.5,2660.5,2520826,3231700,45.75,False
2017-12-04,ESZ8,2671.0,2681.75,2650.25,2654.75,1756938,3230754,31.5,False
2017-12-05,ESZ8,2652.5,2665.25,2643.75,2644.75,1392821,3137281,21.5,False
2017-12-06,ESZ8,2643.25,2651.0,2636.5,2645.75,1307666,3018724,14.5,False
2017-12-07,ESZ8,2647.0,2657.5,2642.75,2656.0,645300,861700,14.75,False
2017-12-08,ESZ8,2656.0,2669.0,2654.0,2667.75,1327053,1392934,15.0,False
2017-12-11,ESZ8,2668.75,2681.5,2666.0,2678.25,1633120,2071077,15.5,False
2017-12-12,ESZ8,2679.75,2686.75,2677.0,2681.5,1659061,2527944,9.75,False
2017-12-13,ESZ8,2681.5,2689.25,2673.0,2682.75,1565803,2844874,16.25,False
2017-12-14,ESZ8,2682.25,2687.25,2665.5,2669.75,1467120,2940089,21.75,False
2017-12-15,ESZ8,2666.5,2697.0,2666.25,2695.75,1410847,2928463,30.75,False
2017-12-18,ESZ8,2696.75,2711.75,2696.25,2708.25,1040769,2967731,15.5,False
2017-12-19,ESZ8,2708.75,2711.75,2696.25,2697.75,980483,2969224,15.5,False
2017-12-20,ESZ8,2698.5,2709.25,2692.75,2695.25,981223,2999594,16.5,False
2017-12-21,ESZ8,2695.25,2709.75,2694.5,2701.5,853748,3007612,15.25,False
2017-12-22,ESZ8,2700.5,2705.25,2696.0,2699.75,654510,3035200,9.25,False
2017-12-26,ESZ8,2700.5,2703.25,2697.25,2700.75,376101,3038366,6.0,False
2017-12-27,ESZ8,2701.25,2704.75,2695.25,2699.25,666329,3023788,9.5,False
2017-12-28,ESZ8,2697.75,2702.75,2696.75,2699.5,535624,3013748,6.0,False
2017-12-29,ESZ8,2698.5,2712.0,2681.5,2689.75,1092038,2989056,30.5,False
2018-01-02,ESZ8,2689.0,2709.75,2688.25,2706.75,996265,3017744,21.5,False
2018-01-03,ESZ8,2707.5,2728.0,2706.0,2724.75,1114548,3064592,22.0,False
2018-01-04,ESZ8,2724.0,2742.75,2722.25,2737.5,1166017,3107934,20.5,False
2018-01-05,ESZ8,2738.75,2757.0,2737.5,2756.25,1136500,3144990,19.5,False
2018-01-08,ESZ8,2755.5,2762.25,2750.25,2760.5,903544,3168055,12.0,False
2018-01-09,ESZ8,2760.25,2773.75,2756.5,2766.0,1137598,3190900,17.25,False
2018-01-10,ESZ8,2763.5,2765.75,2750.25,2764.25,1289898,3203452,15.5,False
2018-01-11,ESZ8,2763.75,2784.25,2761.5,2783.25,1045414,3198069,22.75,False
2018-01-12,ESZ8,2782.5,2803.75,2780.5,2802.5,1357120,3210339,23.25,False
2018-01-16,ESZ8,2803.5,2822.25,2783.0,2796.25,1981469,3246225,39.25,False
2018-01-17,ESZ8,2796.5,2823.25,2792.75,2817.5,1541873,3250369,30.5,False
2018-01-18,ESZ8,2817.0,2821.75,2807.5,2810.0,1345331,3273650,14.25,False
2018-01-19,ESZ8,2810.75,2828.75,2805.5,2824.75,1363990,3303322,23.25,False
2018-01-22,ESZ8,2817.75,2852.0,2815.75,2849.0,1179414,3312310,36.25,False
2018-01-23,ESZ8,2849.0,2858.5,2842.5,2853.25,1282163,3318612,16.0,False
2018-01-24,ESZ8,2850.75,2869.0,2839.25,2854.75,1885278,3349443,29.75,False
2018-01-25,ESZ8,2853.75,2867.5,2844.5,2855.0,1439217,3337061,23.0,False
2018-01-26,ESZ8,2856.0,2889.75,2855.0,2888.25,1286287,3331783,34.75,False
2018-01-29,ESZ8,2888.0,2892.25,2865.25,2867.25,1395078,3295318,27.0,False
2018-01-30,ESZ8,2867.0,2871.75,2832.25,2838.25,2133815,3278038,39.5,False
2018-01-31,ESZ8,2837.0,2853.5,2826.75,2839.5,1841227,3295548,26.75,False
2018-02-01,ESZ8,2842.5,2851.0,2823.25,2836.25,1646906,3311911,27.75,False
2018-02-02,ESZ8,2840.25,2844.75,2769.0,2770.5,2532442,3297660,75.75,True
2018-02-05,ESZ8,2770.75,2776.75,2609.5,2621.5,4009557,3323338,167.25,True
2018-02-06,ESZ8,2637.75,2713.5,2542.75,2708.0,4806868,3294277,170.75,True
2018-02-07,ESZ8,2699.25,2740.5,2674.25,2682.0,2491133,3264285,66.25,True
2018-02-08,ESZ8,2678.5,2700.25,2590.75,2607.25,3121915,3320006,109.5,True
2018-02-09,ESZ8,2607.5,2651.5,2544.0,2632.75,3909443,3315698,107.5,True
2018-02-12,ESZ8,2642.0,2685.25,2633.75,2669.0,2170447,3217706,51.5,True
2018-02-13,ESZ8,2667.0,2681.25,2648.0,2675.5,1461104,3191989,33.25,False
2018-02-14,ESZ8,2676.25,2715.5,2640.75,2710.75,2087016,3165063,74.75,True
2018-02-15,ESZ8,2709.25,2750.5,2702.25,2747.75,1668909,3177219,48.25,False
2018-02-16,ESZ8,2747.75,2768.5,2736.0,2748.75,1738551,3172501,32.5,False
2018-02-20,ESZ8,2748.25,2761.5,2719.5,2727.75,1447502,3176441,42.0,False
2018-02-21,ESZ8,2728.25,2761.5,2707.25,2712.5,1661308,3162459,54.25,True
2018-02-22,ESZ8,2712.25,2744.75,2695.75,2725.25,1623017,3156159,49.0,False
2018-02-23,ESZ8,2726.5,2764.0,2723.75,2762.5,1290261,3168128,40.25,False
2018-02-26,ESZ8,2765.25,2799.75,2756.25,2798.25,1256268,3169192,43.5,False
2018-02-27,ESZ8,2797.25,2803.5,2755.75,2761.25,1717155,3165874,47.75,False
2018-02-28,ESZ8,2760.25,2775.75,2725.75,2728.25,1876678,3117034,50.0,True
2018-03-01,ESZ8,2732.0,2744.75,2672.25,2692.0,2818966,3135753,72.5,True
2018-03-02,ESZ8,2692.5,2709.75,2660.75,2704.0,2171819,3143984,49.0,False
2018-03-05,ESZ8,2697.0,2741.5,2677.5,2732.25,1781823,3109807,64.0,True
2018-03-06,ESZ8,2732.75,2748.25,2724.0,2737.75,1450085,3079923,24.25,False
2018-03-07,ESZ8,2713.75,2744.0,2695.0,2737.0,1870360,3002645,49.0,False
2018-03-08,ESZ8,2737.25,2754.25,2733.0,2753.0,653581,652394,21.25,False
2018-03-09,ESZ8,2750.75,2800.75,2744.25,2797.5,1489394,1166354,56.5,True
2018-03-12,ESZ8,2797.5,2814.0,2792.5,2797.75,1658456,1857383,21.5,False
2018-03-13,ESZ8,2795.75,2816.0,2771.25,2781.5,2226645,2385499,44.75,False
2018-03-14,ESZ8,2775.75,2792.25,2757.0,2762.75,1930552,2609150,35.25,False
2018-03-15,ESZ8,2763.5,2776.0,2753.75,2764.25,1392307,2665457,22.25,False
2018-03-16,ESZ8,2766.25,2775.0,2759.0,2764.75,1142517,2681583,16.0,False
2018-03-19,ESZ8,2765.0,2765.25,2706.0,2731.5,1986809,2698947,59.25,True
2018-03-20,ESZ8,2730.25,2737.75,2721.5,2732.25,1099899,2706998,16.25,False
2018-03-21,ESZ8,2732.0,2752.75,2721.25,2727.0,1423759,2722391,31.5,False
2018-03-22,ESZ8,2727.0,2735.0,2650.5,2652.0,2548609,2779805,84.5,True
2018-03-23,ESZ8,2654.5,2667.5,2594.75,2606.5,2875654,2849518,72.75,True
2018-03-26,ESZ8,2603.75,2671.5,2599.75,2668.25,2302375,2889651,71.75,True
2018-03-27,ESZ8,2668.25,2688.5,2604.75,2624.5,2448450,2884080,83.75,True
2018-03-28,ESZ8,2621.5,2642.5,2601.75,2616.25,2802883,2918961,40.75,False
2018-03-29,ESZ8,2618.5,2668.25,2609.75,2651.75,2042949,2887303,58.5,True
2018-04-02,ESZ8,2643.75,2650.25,2560.75,2583.75,2395329,2933144,89.5,True
2018-04-03,ESZ8,2590.0,2627.5,2582.25,2622.0,2220246,2942545,45.25,False
2018-04-04,ESZ8,2620.75,2658.5,2568.25,2655.75,2247386,2937636,90.25,True
2018-04-05,ESZ8,2654.5,2681.0,2652.75,2670.5,1642890,2914793,28.25,False
2018-04-06,ESZ8,2671.75,2672.75,2593.25,2614.5,2615117,2900411,79.5,True
2018-04-09,ESZ8,2616.25,2662.5,2616.25,2627.75,1762078,2923967,46.25,False
2018-04-10,ESZ8,2626.5,2675.0,2621.0,2663.75,1998582,2907441,54.0,True
2018-04-11,ESZ8,2663.25,2670.0,2634.75,2649.75,1637350,2860319,35.25,False
2018-04-12,ESZ8,2651.25,2683.75,2648.5,2672.75,1301132,2860677,35.25,False
2018-04-13,ESZ8,2670.5,2689.25,2653.5,2666.0,1711823,2875836,35.75,False
2018-04-16,ESZ8,2682.0,2695.75,2669.5,2690.5,1237183,2868740,26.25,False
2018-04-17,ESZ8,2688.0,2722.5,2687.5,2715.25,1251766,2880705,35.0,False
2018-04-18,ESZ8,2713.25,2727.25,2712.5,2718.5,1044851,2876346,14.75,False
2018-04-19,ESZ8,2720.5,2722.0,2690.25,2701.75,1577913,2890292,31.75,False
2018-04-20,ESZ8,2701.25,2707.0,2668.5,2680.25,1604973,2897639,38.5,False
2018-04-23,ESZ8,2691.75,2693.5,2666.0,2680.0,1239828,2885246,27.5,False
2018-04-24,ESZ8,2680.75,2697.25,2624.75,2644.0,2329880,2905501,72.5,True
2018-04-25,ESZ8,2644.0,2657.0,2620.0,2653.25,1902899,2905239,37.0,False
2018-04-26,ESZ8,2657.0,2686.25,2648.25,2683.25,1279539,2865991,38.0,False
2018-04-27,ESZ8,2684.25,2685.0,2666.5,2680.25,1142350,2853010,18.5,False
2018-04-30,ESZ8,2679.25,2691.0,2653.75,2655.75,1341086,2859811,37.25,False
2018-05-01,ESZ8,2655.0,2666.75,2632.0,2661.0,1323628,2860955,34.75,False
2018-05-02,ESZ8,2664.25,2667.25,2633.0,2636.25,1427995,2857898,34.25,False
2018-05-03,ESZ8,2635.5,2645.0,2600.0,2640.5,2146587,2859232,45.0,False
2018-05-04,ESZ8,2640.5,2678.25,2621.0,2671.75,1699202,2852359,57.25,True
2018-05-07,ESZ8,2671.5,2690.25,2670.0,2678.75,1148919,2834612,20.25,False
2018-05-08,ESZ8,2676.75,2683.0,2661.0,2679.0,1281751,2842527,22.0,False
2018-05-09,ESZ8,2678.5,2708.75,2675.25,2704.75,1251722,2852929,33.5,False
2018-05-10,ESZ8,2704.75,2733.75,2701.5,2727.5,1173629,2867496,32.25,False
2018-05-11,ESZ8,2725.0,2741.25,2725.0,2738.25,1066248,2887528,16.25,False
2018-05-14,ESZ8,2736.0,2750.0,2733.0,2739.75,945963,2889450,17.0,False
2018-05-15,ESZ8,2737.25,2740.0,2709.25,2717.75,1519108,2903781,30.75,False
2018-05-16,ESZ8,2720.0,2736.75,2713.25,2731.75,1057687,2912515,23.5,False
2018-05-17,ESZ8,2730.5,2740.75,2719.75,2727.5,1071506,2937683,21.0,False
2018-05-18,ESZ8,2727.5,2735.75,2717.5,2721.75,1013073,2944226,18.25,False
2018-05-21,ESZ8,2737.5,2748.0,2733.0,2741.75,951913,2952475,15.0,False
2018-05-22,ESZ8,2740.0,2750.5,2730.25,2734.75,891511,2949209,20.25,False
2018-05-23,ESZ8,2733.25,2741.75,2713.25,2739.5,1295885,2971689,28.5,False
2018-05-24,ESZ8,2738.5,2742.0,2714.5,2736.25,1277264,2959394,27.5,False
2018-05-25,ESZ8,2735.5,2746.5,2722.5,2727.0,993783,2972496,24.0,False
2018-05-29,ESZ8,2737.75,2740.5,2683.75,2701.0,1989677,2994694,56.75,True
2018-05-30,ESZ8,2702.0,2738.0,2694.5,2733.25,1424364,2988168,43.5,False
2018-05-31,ESZ8,2729.0,2737.0,2708.5,2714.25,1665452,2986857,28.5,False
2018-06-01,ESZ8,2716.25,2745.75,2714.75,2742.5,1241171,2971859,31.0,False
2018-06-04,ESZ8,2739.75,2758.0,2737.75,2754.25,857850,2973815,20.25,False
2018-06-05,ESZ8,2754.75,2762.0,2747.75,2760.25,1027609,2946533,14.25,False
2018-06-06,ESZ8,2759.75,2783.5,2756.75,2781.0,1326401,2857383,26.75,False
2018-06-07,ESZ8,2782.5,2788.5,2768.75,2781.0,777094,682262,19.75,False
2018-06-08,ESZ8,2780.25,2788.25,2760.75,2787.5,1281036,1142120,27.5,False
2018-06-11,ESZ8,2781.75,2799.25,2779.0,2791.75,1558782,1809743,20.25,False
2018-06-12,ESZ8,2790.0,2799.0,2787.25,2793.25,1496135,2283691,11.75,False
2018-06-13,ESZ8,2797.0,2801.0,2783.5,2784.0,1384101,2499069,17.5,False
2018-06-14,ESZ8,2782.75,2799.0,2777.25,2793.5,1275141,2602004,21.75,False
2018-06-15,ESZ8,2792.0,2793.5,2770.5,2789.5,1512061,2607634,23.0,False
2018-06-18,ESZ8,2785.0,2791.75,2766.25,2784.75,993118,2595978,25.5,False
2018-06-19,ESZ8,2783.25,2785.25,2740.75,2771.25,1657081,2626220,44.5,False
2018-06-20,ESZ8,2770.25,2783.25,2762.25,2777.0,1082802,2626162,21.0,False
2018-06-21,ESZ8,2776.75,2790.25,2752.0,2757.5,1493235,2620586,38.25,False
2018-06-22,ESZ8,2755.5,2773.5,2754.25,2764.5,1108771,2618991,19.25,False
2018-06-25,ESZ8,2762.0,2763.0,2705.5,2727.25,2206994,2638026,57.5,True
2018-06-26,ESZ8,2726.75,2740.25,2719.75,2733.5,1399067,2626088,20.5,False
2018-06-27,ESZ8,2731.5,2753.0,2706.0,2710.0,2117686,2629776,47.0,False
2018-06-28,ESZ8,2710.0,2731.25,2698.25,2724.5,1678667,2630303,33.0,False
2018-06-29,ESZ8,2725.0,2750.5,2721.75,2726.5,1641889,2620996,28.75,False
2018-07-02,ESZ8,2726.0,2733.5,2703.5,2732.25,1213215,2605520,30.0,False
2018-07-03,ESZ8,2732.25,2746.5,2717.0,2718.25,860533,2600928,29.5,False
2018-07-05,ESZ8,2718.0,2744.75,2715.75,2743.5,1165235,2597888,29.0,False
2018-07-06,ESZ8,2742.0,2771.25,2736.25,2768.0,1287758,2596309,35.0,False
2018-07-09,ESZ8,2767.0,2793.0,2766.75,2792.5,970337,2634459,26.25,False
2018-07-10,ESZ8,2792.5,2802.75,2785.5,2801.75,925706,2642616,17.25,False
2018-07-11,ESZ8,2785.75,2792.75,2770.75,2779.0,1369176,2644336,22.0,False
2018-07-12,ESZ8,2781.75,2806.0,2778.75,2803.5,1120424,2666247,27.25,False
2018-07-13,ESZ8,2803.5,2812.25,2798.25,2808.25,952307,2677236,14.0,False
2018-07-16,ESZ8,2809.75,2814.0,2800.0,2801.5,801608,2672510,14.0,False
2018-07-17,ESZ8,2800.75,2820.75,2794.75,2816.25,1059163,2697051,26.0,False
2018-07-18,ESZ8,2818.0,2823.25,2811.75,2821.0,860523,2696845,11.5,False
2018-07-19,ESZ8,2819.5,2823.0,2805.25,2810.25,1082645,2695526,17.75,False
2018-07-20,ESZ8,2810.5,2815.5,2798.0,2805.75,1013663,2691633,17.5,False
2018-07-23,ESZ8,2810.25,2817.5,2797.5,2817.0,812481,2696073,20.0,False
2018-07-24,ESZ8,2815.5,2836.25,2815.25,2826.0,1347688,2697964,21.0,False
2018-07-25,ESZ8,2824.25,2854.5,2819.0,2846.25,1302896,2704995,35.5,False
2018-07-26,ESZ8,2840.25,2851.5,2838.25,2847.5,1039552,2705919,13.25,False
2018-07-27,ESZ8,2845.25,2852.0,2813.75,2822.5,1492056,2682281,38.25,False
2018-07-30,ESZ8,2821.0,2826.75,2803.25,2808.25,1169457,2675353,23.5,False
2018-07-31,ESZ8,2810.5,2832.75,2807.75,2822.0,1366896,2677735,25.0,False
2018-08-01,ESZ8,2829.25,2830.75,2810.5,2815.75,1098291,2673534,20.25,False
2018-08-02,ESZ8,2819.0,2836.25,2796.0,2833.5,1238138,2709128,40.25,False
2018-08-03,ESZ8,2835.75,2846.5,2829.75,2844.5,922242,2713635,16.75,False
2018-08-06,ESZ8,2846.5,2858.5,2840.0,2855.0,797324,2735143,18.5,False
2018-08-07,ESZ8,2854.25,2868.75,2853.25,2864.75,780222,2744347,15.5,False
2018-08-08,ESZ8,2865.5,2867.5,2857.5,2860.25,745412,2747149,10.0,False
2018-08-09,ESZ8,2858.5,2867.75,2855.5,2858.75,696695,2757712,12.25,False
2018-08-10,ESZ8,2857.5,2857.75,2831.0,2841.75,1416182,2727026,26.75,False
2018-08-13,ESZ8,2840.75,2848.75,2825.0,2830.5,1282874,2714240,23.75,False
2018-08-14,ESZ8,2831.75,2848.5,2830.75,2846.0,1022577,2729801,17.75,False
2018-08-15,ESZ8,2846.75,2848.0,2808.0,2826.25,1871800,2727726,40.0,False
2018-08-16,ESZ8,2827.25,2856.75,2822.5,2849.75,1271529,2742522,34.25,False
2018-08-17,ESZ8,2848.5,2862.0,2840.0,2857.25,1202980,2722402,22.0,False
2018-08-20,ESZ8,2856.75,2865.75,2855.25,2863.5,817383,2726276,10.5,False
2018-08-21,ESZ8,2861.75,2879.0,2857.0,2866.75,1055051,2730460,22.0,False
2018-08-22,ESZ8,2858.0,2873.25,2851.25,2866.25,996434,2738403,22.0,False
2018-08-23,ESZ8,2866.75,2874.75,2859.75,2863.0,1050042,2727374,15.0,False
2018-08-24,ESZ8,2863.25,2882.5,2861.25,2881.75,1058571,2735145,21.25,False
2018-08-27,ESZ8,2882.75,2904.5,2881.75,2903.5,961496,2760646,22.75,False
2018-08-28,ESZ8,2904.0,2911.25,2899.25,2904.25,902705,2768014,12.0,False
2018-08-29,ESZ8,2905.5,2922.5,2902.5,2919.75,1113797,2782971,20.0,False
2018-08-30,ESZ8,2920.75,2921.25,2900.5,2907.0,1331841,2771995,20.75,False
2018-08-31,ESZ8,2903.0,2912.5,2896.75,2907.0,1323038,2788109,15.75,False
2018-09-04,ESZ8,2911.5,2917.5,2890.5,2903.25,1605954,2771894,27.0,False
2018-09-05,ESZ8,2903.75,2905.5,2882.5,2893.25,1604742,2780588,23.0,False
2018-09-06,ESZ8,2893.5,2898.0,2873.0,2884.0,1633946,2758301,25.0,False
2018-09-07,ESZ8,2882.75,2890.0,2870.0,2879.75,1692240,2706678,20.0,False
2018-09-10,ESZ8,2878.75,2893.25,2878.25,2885.25,1248308,2714490,15.0,False
2018-09-11,ESZ8,2884.75,2898.0,2872.25,2894.75,1269254,2690666,25.75,False
2018-09-12,ESZ8,2895.0,2900.25,2884.5,2893.5,1581597,2589244,15.75,False
2018-09-13,ESZ8,2892.5,2912.0,2889.75,2910.25,712160,667008,22.25,False
2018-09-14,ESZ8,2909.5,2917.25,2902.0,2911.5,1363971,1128631,15.25,False
2018-09-17,ESZ8,2909.0,2911.25,2892.25,2896.0,1783534,1739118,19.0,False
2018-09-18,ESZ8,2895.5,2917.75,2883.5,2911.75,1877029,2291959,34.25,False
2018-09-19,ESZ8,2913.0,2918.75,2905.75,2915.0,1361242,2562710,13.0,False
2018-09-20,ESZ8,2916.5,2940.75,2913.25,2939.5,1474453,2670821,27.5,False
2018-09-21,ESZ8,2939.5,2947.0,2932.0,2933.75,1489417,2683226,15.0,False
2018-09-24,ESZ8,2929.5,2930.25,2917.75,2925.5,1162107,2668621,12.5,False
2018-09-25,ESZ8,2926.5,2934.25,2918.25,2921.25,1032045,2673717,16.0,False
2018-09-26,ESZ8,2922.5,2936.0,2907.5,2911.5,1308995,2701707,28.5,False
2018-09-27,ESZ8,2911.5,2932.0,2907.5,2920.0,1210835,2715930,24.5,False
2018-09-28,ESZ8,2922.25,2925.5,2908.0,2919.0,1429127,2711354,17.5,False
2018-10-01,ESZ8,2922.5,2942.0,2922.5,2930.0,1239963,2707643,19.5,False
2018-10-02,ESZ8,2929.25,2936.0,2917.5,2928.5,1132507,2706036,18.5,False
2018-10-03,ESZ8,2929.0,2944.75,2924.75,2931.5,1244514,2726120,20.0,False
2018-10-04,ESZ8,2926.0,2926.25,2887.75,2907.75,2165850,2694807,38.5,False
2018-10-05,ESZ8,2910.0,2915.5,2873.25,2894.0,2291213,2701393,42.25,False
2018-10-08,ESZ8,2897.5,2898.25,2866.0,2893.75,1760642,2732047,32.25,False
2018-10-09,ESZ8,2892.25,2900.0,2874.5,2888.25,1770753,2742562,25.5,False
2018-10-10,ESZ8,2886.75,2891.25,2771.5,2781.0,3460738,2833715,119.75,True
2018-10-11,ESZ8,2776.5,2798.75,2712.25,2745.5,4013855,2853603,86.5,True
2018-10-12,ESZ8,2748.5,2785.0,2732.25,2768.5,2853415,2786486,52.75,True
2018-10-15,ESZ8,2770.0,2778.75,2745.25,2749.0,1763922,2765969,33.5,False
2018-10-16,ESZ8,2747.5,2819.0,2745.5,2817.75,1780311,2738078,73.5,True
2018-10-17,ESZ8,2816.25,2824.25,2783.25,2816.75,1879084,2738078,41.0,False
